<?xml version="1.0" encoding="utf-8"?>
<odoo>
    <data>
        <!-- User - Groups -->

        <record model="ir.module.category" id="kg_group_cat_vsot">
            <field name="name">VSOT</field>
            <field name="sequence">10</field>
        </record>
        <record model="ir.module.category" id="module_category_kg_group_cat_vsot">
            <field name="name">VSOT</field>
            <field name="parent_id" ref="kg_group_cat_vsot"/>
            <field name="sequence">10</field>
        </record>
        <record id="group_vsot_user" model="res.groups">
            <field name="name">User</field>
            <field name="category_id" ref="module_category_kg_group_cat_vsot"/>
        </record>


        <record id="group_vsot_supervisor" model="res.groups">
            <field name="name">Supervisor</field>
             <field name="implied_ids" eval="[(4, ref('kg_vsot.group_vsot_user'))]"/>
            <field name="category_id" ref="module_category_kg_group_cat_vsot"/>
        </record>


        <record id="group_vsot_manager" model="res.groups">
            <field name="name">Manager</field>
            <field name="implied_ids" eval="[(4, ref('kg_vsot.group_vsot_user')),(4, ref('kg_vsot.group_vsot_supervisor'))]"/>
            <field name="users" eval="[(4, ref('base.user_admin'))]"/>
            <field name="category_id" ref="module_category_kg_group_cat_vsot"/>
        </record>

        <!-- Multi - Company Rules -->

        <record model="ir.rule" id="kg_inventory_transfer_user_manager">
            <field name="name">Inventory Transfer Multi Company</field>
            <field name="model_id" ref="model_kg_inventory"/>
            <field name="global" eval="True"/>
            <field name="domain_force">['|',('company_id','=',False),('company_id','child_of',[user.company_id.id])]
            </field>
        </record>

        <record model="ir.rule" id="kg_stock_source_user_manager">
            <field name="name">Stock Source Multi Company</field>
            <field name="model_id" ref="model_kg_stock_source"/>
            <field name="global" eval="True"/>
            <field name="domain_force">['|',('company_id','=',False),('company_id','child_of',[user.company_id.id])]
            </field>
        </record>

        <record model="ir.rule" id="kg_inventory_adjustment_user_manager">
            <field name="name">Inventory Adjustment Multi Company</field>
            <field name="model_id" ref="model_kg_inventory_adjustment"/>
            <field name="global" eval="True"/>
            <field name="domain_force">['|',('company_id','=',False),('company_id','child_of',[user.company_id.id])]
            </field>
        </record>

    </data>
</odoo>