id,name,model_id:id,group_id:id,perm_read,perm_write,perm_create,perm_unlink
access_kg_stock_source,kg_stock_source,model_kg_stock_source,base.group_user,1,1,1,0
access_kg_inventory,kg_inventory,kg_vsot.model_kg_inventory,base.group_user,1,1,1,0
access_kg_inventory_volume,kg_inventory_volume,kg_vsot.model_kg_inventory_volume,base.group_user,1,1,1,0
access_kg_inventory_adjustment,kg_inventory_adjustment,kg_vsot.model_kg_inventory_adjustment,base.group_user,1,1,1,0
access_kg_inventory_adjustment_line,kg_inventory_adjustment_line,kg_vsot.model_kg_inventory_adjustment_line,base.group_user,1,1,1,1



