<?xml version="1.0" encoding='UTF-8'?>
<odoo>
    <data noupdate="1">
        <record id="employees_absence_list" model="ir.cron">
            <field name="name">Attendance Expiry</field>
            <field name="model_id" ref="model_attendance_everyday"/>
            <field name="state">code</field>
            <field name="code">model.absence_employee()</field>
            <field name="user_id" ref="base.user_root"/>
            <field name='interval_number'>1</field>
            <field name='interval_type'>days</field>
            <field name="numbercall">-1</field>
            <field name="doall" eval="False"/>
        </record>
    </data>
</odoo>