<?xml version="1.0" encoding="utf-8"?>
<odoo>
    <data>
        <record id="sent_srr_notification" model="ir.cron">
            <field name="name">SRR Notification</field>
            <field name="model_id" ref="kg_portal.model_ring_request"/>
            <field name="state">code</field>
            <field name="code">model.ring_request_reminder()</field>
            <field name="interval_number">1</field>
            <field name="interval_type">days</field>
            <field name="numbercall">-1</field>
        </record>

        <record id="sent_nswo_notification" model="ir.cron">
            <field name="name">NSWO Notification</field>
            <field name="model_id" ref="kg_portal.model_work_order"/>
            <field name="state">code</field>
            <field name="code">model.nswo_reminder()</field>
            <field name="interval_number">1</field>
            <field name="interval_type">days</field>
            <field name="numbercall">-1</field>
        </record>


        <record id="notify_srr_fine_email" model="mail.template">
            <field name="name">SRR : NSWO not created.</field>
            <field name="model_id" ref="kg_tower.model_ring_request"/>
            <field name="subject">Create NSWO with in 60 Days !</field>
            <field name="email_from">"${user.company_id.name | safe}" &lt;${(user.company_id.email or user.email) | safe}&gt;</field>
            <field name="email_to">${object.partner_id.email | safe}</field>
            <field name="body_html" type="html">
                <table border="0" cellpadding="0" cellspacing="0"
                       style="padding-top: 16px; background-color: #F1F1F1; font-family:Verdana, Arial,sans-serif; color: #454748; width: 100%; border-collapse:separate;"><tr><td
                        align="center">
                    <table border="0" cellpadding="0" cellspacing="0" width="590"
                           style="padding: 16px; background-color: white; color: #454748; border-collapse:separate;">
                        <tbody>
                            <!-- HEADER -->
                            <tr>
                                <td align="center" style="min-width: 590px;">
                                    <table border="0" cellpadding="0" cellspacing="0" width="590"
                                           style="min-width: 590px; background-color: white; padding: 0px 8px 0px 8px; border-collapse:separate;">
                                        <tr><td valign="middle">
                                            <span style="font-size: 10px;">SRR</span><br/>
                                            <span style="font-size: 20px; font-weight: bold;">
                                                ${object.partner_id.name}
                                            </span>
                                        </td><td valign="middle" align="right">
                                            <img src="/logo.png?company=${user.company_id.id}"
                                                 style="padding: 0px; margin: 0px; height: auto; width: 80px;"
                                                 alt="${user.company_id.name}"/>
                                        </td></tr>
                                        <tr><td colspan="2" style="text-align:center;">
                                            <hr width="100%"
                                                style="background-color:rgb(204,204,204);border:medium none;clear:both;display:block;font-size:0px;min-height:1px;line-height:0; margin: 16px 0px 16px 0px;"/>
                                        </td></tr>
                                    </table>
                                </td>
                            </tr>
                            <!-- CONTENT -->
                            <tr>
                                <td align="center" style="min-width: 590px;">
                                    <table border="0" cellpadding="0" cellspacing="0" width="590"
                                           style="min-width: 590px; background-color: white; padding: 0px 8px 0px 8px; border-collapse:separate;">
                                        <tr><td valign="top" style="font-size: 13px;">
                                            <div>
                                                Dear ${object.partner_id.name},<br/><br/>
                                                This is to inform you that NSWO is not submitted for the SRR
                                                with reference ${object.name},
                                                Kindly submit NSWO to avoid fines .

                                                <br/>
                                                Thanks,
                                                % if user.company_id.name:
                                                <br/>
                                                ${user.company_id.name | safe}
                                                % endif
                                            </div>
                                        </td></tr>
                                        <tr><td style="text-align:center;">
                                            <hr width="100%"
                                                style="background-color:rgb(204,204,204);border:medium none;clear:both;display:block;font-size:0px;min-height:1px;line-height:0; margin: 16px 0px 16px 0px;"/>
                                        </td></tr>
                                    </table>
                                </td>
                            </tr>
                            <!-- FOOTER -->
                            <tr>
                                <td align="center" style="min-width: 590px;">
                                    <table border="0" cellpadding="0" cellspacing="0" width="590"
                                           style="min-width: 590px; background-color: white; font-size: 11px; padding: 0px 8px 0px 8px; border-collapse:separate;">
                                        <tr><td valign="middle" align="left">
                                            ${user.company_id.name}
                                        </td></tr>
                                        <tr><td valign="middle" align="left" style="opacity: 0.7;">
                                            ${user.company_id.phone}
                                            % if user.company_id.email
                                            | <a href="'mailto:%s' % ${user.company_id.email}"
                                                 style="text-decoration:none; color: #454748;">
                                            ${user.company_id.email}</a>
                                            % endif
                                            % if user.company_id.website
                                            | <a href="'%s' % ${user.company_id.website}"
                                                 style="text-decoration:none; color: #454748;">
                                            ${user.company_id.website}
                                        </a>
                                            % endif
                                        </td></tr>
                                    </table>
                                </td>
                            </tr>
                        </tbody>
                    </table>
                </td></tr>
                    <!-- POWERED BY -->
                    <tr><td align="center" style="min-width: 590px;">
                        <table border="0" cellpadding="0" cellspacing="0" width="590"
                               style="min-width: 590px; background-color: #F1F1F1; color: #454748; padding: 8px; border-collapse:separate;">
                            <tr><td style="text-align: center; font-size: 13px;">
                                Powered by <a target="_blank"
                                              href="https://www.odoo.com?utm_source=db&amp;utm_medium=auth"
                                              style="color: #875A7B;">Odoo</a>
                            </td></tr>
                        </table>
                    </td></tr>
                </table>
            </field>
        </record>



         <record id="notify_srr_edited" model="mail.template">
            <field name="name">SRR : Edited.</field>
            <field name="model_id" ref="kg_tower.model_ring_request"/>
            <field name="subject">SRR Edited !</field>
            <field name="email_from">"${user.company_id.name | safe}" &lt;${(user.company_id.email or user.email) | safe}&gt;</field>
            <field name="email_to">${object.partner_id.email | safe}</field>
            <field name="body_html" type="html">
                <table border="0" cellpadding="0" cellspacing="0"
                       style="padding-top: 16px; background-color: #F1F1F1; font-family:Verdana, Arial,sans-serif; color: #454748; width: 100%; border-collapse:separate;"><tr><td
                        align="center">
                    <table border="0" cellpadding="0" cellspacing="0" width="590"
                           style="padding: 16px; background-color: white; color: #454748; border-collapse:separate;">
                        <tbody>
                            <!-- HEADER -->
                            <tr>
                                <td align="center" style="min-width: 590px;">
                                    <table border="0" cellpadding="0" cellspacing="0" width="590"
                                           style="min-width: 590px; background-color: white; padding: 0px 8px 0px 8px; border-collapse:separate;">
                                        <tr><td valign="middle">
                                            <span style="font-size: 10px;">SRR</span><br/>
                                            <span style="font-size: 20px; font-weight: bold;">
                                                ${object.partner_id.name}
                                            </span>
                                        </td><td valign="middle" align="right">
                                            <img src="/logo.png?company=${user.company_id.id}"
                                                 style="padding: 0px; margin: 0px; height: auto; width: 80px;"
                                                 alt="${user.company_id.name}"/>
                                        </td></tr>
                                        <tr><td colspan="2" style="text-align:center;">
                                            <hr width="100%"
                                                style="background-color:rgb(204,204,204);border:medium none;clear:both;display:block;font-size:0px;min-height:1px;line-height:0; margin: 16px 0px 16px 0px;"/>
                                        </td></tr>
                                    </table>
                                </td>
                            </tr>
                            <!-- CONTENT -->
                            <tr>
                                <td align="center" style="min-width: 590px;">
                                    <table border="0" cellpadding="0" cellspacing="0" width="590"
                                           style="min-width: 590px; background-color: white; padding: 0px 8px 0px 8px; border-collapse:separate;">
                                        <tr><td valign="top" style="font-size: 13px;">
                                            <div>
                                                Dear ${object.partner_id.name},<br/><br/>
                                                This is to inform you that SRR is edited for the SRR
                                                with reference ${object.name},
                                              .

                                                <br/>
                                                Thanks,
                                                % if user.company_id.name:
                                                <br/>
                                                ${user.company_id.name | safe}
                                                % endif
                                            </div>
                                        </td></tr>
                                        <tr><td style="text-align:center;">
                                            <hr width="100%"
                                                style="background-color:rgb(204,204,204);border:medium none;clear:both;display:block;font-size:0px;min-height:1px;line-height:0; margin: 16px 0px 16px 0px;"/>
                                        </td></tr>
                                    </table>
                                </td>
                            </tr>
                            <!-- FOOTER -->
                            <tr>
                                <td align="center" style="min-width: 590px;">
                                    <table border="0" cellpadding="0" cellspacing="0" width="590"
                                           style="min-width: 590px; background-color: white; font-size: 11px; padding: 0px 8px 0px 8px; border-collapse:separate;">
                                        <tr><td valign="middle" align="left">
                                            ${user.company_id.name}
                                        </td></tr>
                                        <tr><td valign="middle" align="left" style="opacity: 0.7;">
                                            ${user.company_id.phone}
                                            % if user.company_id.email
                                            | <a href="'mailto:%s' % ${user.company_id.email}"
                                                 style="text-decoration:none; color: #454748;">
                                            ${user.company_id.email}</a>
                                            % endif
                                            % if user.company_id.website
                                            | <a href="'%s' % ${user.company_id.website}"
                                                 style="text-decoration:none; color: #454748;">
                                            ${user.company_id.website}
                                        </a>
                                            % endif
                                        </td></tr>
                                    </table>
                                </td>
                            </tr>
                        </tbody>
                    </table>
                </td></tr>
                    <!-- POWERED BY -->
                    <tr><td align="center" style="min-width: 590px;">
                        <table border="0" cellpadding="0" cellspacing="0" width="590"
                               style="min-width: 590px; background-color: #F1F1F1; color: #454748; padding: 8px; border-collapse:separate;">
                            <tr><td style="text-align: center; font-size: 13px;">
                                Powered by <a target="_blank"
                                              href="https://www.odoo.com?utm_source=db&amp;utm_medium=auth"
                                              style="color: #875A7B;">Odoo</a>
                            </td></tr>
                        </table>
                    </td></tr>
                </table>
            </field>
        </record>


         <record id="notify_nswo_edited" model="mail.template">
            <field name="name">NSWO : Edited.</field>
            <field name="model_id" ref="kg_tower.model_work_order"/>
            <field name="subject">NSWO Edited !</field>
            <field name="email_from">"${user.company_id.name | safe}" &lt;${(user.company_id.email or user.email) | safe}&gt;</field>
<!--            <field name="email_to">${object.partner_id.email | safe}</field>-->
            <field name="body_html" type="html">
                <table border="0" cellpadding="0" cellspacing="0"
                       style="padding-top: 16px; background-color: #F1F1F1; font-family:Verdana, Arial,sans-serif; color: #454748; width: 100%; border-collapse:separate;"><tr><td
                        align="center">
                    <table border="0" cellpadding="0" cellspacing="0" width="590"
                           style="padding: 16px; background-color: white; color: #454748; border-collapse:separate;">
                        <tbody>
                            <!-- HEADER -->
                            <tr>
                                <td align="center" style="min-width: 590px;">
                                    <table border="0" cellpadding="0" cellspacing="0" width="590"
                                           style="min-width: 590px; background-color: white; padding: 0px 8px 0px 8px; border-collapse:separate;">
                                        <tr><td valign="middle">
                                            <span style="font-size: 10px;">NSWO</span><br/>
                                            <span style="font-size: 20px; font-weight: bold;">
                                                ${object.partner_id.name}
                                            </span>
                                        </td><td valign="middle" align="right">
                                            <img src="/logo.png?company=${user.company_id.id}"
                                                 style="padding: 0px; margin: 0px; height: auto; width: 80px;"
                                                 alt="${user.company_id.name}"/>
                                        </td></tr>
                                        <tr><td colspan="2" style="text-align:center;">
                                            <hr width="100%"
                                                style="background-color:rgb(204,204,204);border:medium none;clear:both;display:block;font-size:0px;min-height:1px;line-height:0; margin: 16px 0px 16px 0px;"/>
                                        </td></tr>
                                    </table>
                                </td>
                            </tr>
                            <!-- CONTENT -->
                            <tr>
                                <td align="center" style="min-width: 590px;">
                                    <table border="0" cellpadding="0" cellspacing="0" width="590"
                                           style="min-width: 590px; background-color: white; padding: 0px 8px 0px 8px; border-collapse:separate;">
                                        <tr><td valign="top" style="font-size: 13px;">
                                            <div>
                                                Dear ${object.partner_id.name},<br/><br/>
                                                This is to inform you that NSWO is edited for the NSWO
                                                with reference ${object.name}.Following Fields are Edited
                                                ${object.mail_body}
                                              .

                                                <br/>
                                                Thanks,
                                                % if user.company_id.name:
                                                <br/>
                                                ${user.company_id.name | safe}
                                                % endif
                                            </div>
                                        </td></tr>
                                        <tr><td style="text-align:center;">
                                            <hr width="100%"
                                                style="background-color:rgb(204,204,204);border:medium none;clear:both;display:block;font-size:0px;min-height:1px;line-height:0; margin: 16px 0px 16px 0px;"/>
                                        </td></tr>
                                    </table>
                                </td>
                            </tr>
                            <!-- FOOTER -->
                            <tr>
                                <td align="center" style="min-width: 590px;">
                                    <table border="0" cellpadding="0" cellspacing="0" width="590"
                                           style="min-width: 590px; background-color: white; font-size: 11px; padding: 0px 8px 0px 8px; border-collapse:separate;">
                                        <tr><td valign="middle" align="left">
                                            ${user.company_id.name}
                                        </td></tr>
                                        <tr><td valign="middle" align="left" style="opacity: 0.7;">
                                            ${user.company_id.phone}
                                            % if user.company_id.email
                                            | <a href="'mailto:%s' % ${user.company_id.email}"
                                                 style="text-decoration:none; color: #454748;">
                                            ${user.company_id.email}</a>
                                            % endif
                                            % if user.company_id.website
                                            | <a href="'%s' % ${user.company_id.website}"
                                                 style="text-decoration:none; color: #454748;">
                                            ${user.company_id.website}
                                        </a>
                                            % endif
                                        </td></tr>
                                    </table>
                                </td>
                            </tr>
                        </tbody>
                    </table>
                </td></tr>
                    <!-- POWERED BY -->
                    <tr><td align="center" style="min-width: 590px;">
                        <table border="0" cellpadding="0" cellspacing="0" width="590"
                               style="min-width: 590px; background-color: #F1F1F1; color: #454748; padding: 8px; border-collapse:separate;">
                            <tr><td style="text-align: center; font-size: 13px;">
                                Powered by <a target="_blank"
                                              href="https://www.odoo.com?utm_source=db&amp;utm_medium=auth"
                                              style="color: #875A7B;">Odoo</a>
                            </td></tr>
                        </table>
                    </td></tr>
                </table>
            </field>
        </record>

        <record id="notify_nswo_email" model="mail.template">
            <field name="name">SRR : NSWO not created.</field>
            <field name="model_id" ref="kg_tower.model_ring_request"/>
            <field name="subject">NSWO not created !</field>
            <field name="email_from">"${user.company_id.name | safe}" &lt;${(user.company_id.email or user.email) | safe}&gt;</field>
            <field name="email_to">${object.partner_id.email | safe}</field>
            <field name="body_html" type="html">
                <table border="0" cellpadding="0" cellspacing="0"
                       style="padding-top: 16px; background-color: #F1F1F1; font-family:Verdana, Arial,sans-serif; color: #454748; width: 100%; border-collapse:separate;"><tr><td
                        align="center">
                    <table border="0" cellpadding="0" cellspacing="0" width="590"
                           style="padding: 16px; background-color: white; color: #454748; border-collapse:separate;">
                        <tbody>
                            <!-- HEADER -->
                            <tr>
                                <td align="center" style="min-width: 590px;">
                                    <table border="0" cellpadding="0" cellspacing="0" width="590"
                                           style="min-width: 590px; background-color: white; padding: 0px 8px 0px 8px; border-collapse:separate;">
                                        <tr><td valign="middle">
                                            <span style="font-size: 10px;">SRR</span><br/>
                                            <span style="font-size: 20px; font-weight: bold;">
                                                ${object.partner_id.name}
                                            </span>
                                        </td><td valign="middle" align="right">
                                            <img src="/logo.png?company=${user.company_id.id}"
                                                 style="padding: 0px; margin: 0px; height: auto; width: 80px;"
                                                 alt="${user.company_id.name}"/>
                                        </td></tr>
                                        <tr><td colspan="2" style="text-align:center;">
                                            <hr width="100%"
                                                style="background-color:rgb(204,204,204);border:medium none;clear:both;display:block;font-size:0px;min-height:1px;line-height:0; margin: 16px 0px 16px 0px;"/>
                                        </td></tr>
                                    </table>
                                </td>
                            </tr>
                            <!-- CONTENT -->
                            <tr>
                                <td align="center" style="min-width: 590px;">
                                    <table border="0" cellpadding="0" cellspacing="0" width="590"
                                           style="min-width: 590px; background-color: white; padding: 0px 8px 0px 8px; border-collapse:separate;">
                                        <tr><td valign="top" style="font-size: 13px;">
                                            <div>
                                                Dear ${object.partner_id.name},<br/><br/>
                                                This is to inform you that NSWO is not submitted for the SRR
                                                with reference ${object.name},even after the limit of 60 days.


                                                <br/>
                                                Thanks,
                                                % if user.company_id.name:
                                                <br/>
                                                ${user.company_id.name | safe}
                                                % endif
                                            </div>
                                        </td></tr>
                                        <tr><td style="text-align:center;">
                                            <hr width="100%"
                                                style="background-color:rgb(204,204,204);border:medium none;clear:both;display:block;font-size:0px;min-height:1px;line-height:0; margin: 16px 0px 16px 0px;"/>
                                        </td></tr>
                                    </table>
                                </td>
                            </tr>
                            <!-- FOOTER -->
                            <tr>
                                <td align="center" style="min-width: 590px;">
                                    <table border="0" cellpadding="0" cellspacing="0" width="590"
                                           style="min-width: 590px; background-color: white; font-size: 11px; padding: 0px 8px 0px 8px; border-collapse:separate;">
                                        <tr><td valign="middle" align="left">
                                            ${user.company_id.name}
                                        </td></tr>
                                        <tr><td valign="middle" align="left" style="opacity: 0.7;">
                                            ${user.company_id.phone}
                                            % if user.company_id.email
                                            | <a href="'mailto:%s' % ${user.company_id.email}"
                                                 style="text-decoration:none; color: #454748;">
                                            ${user.company_id.email}</a>
                                            % endif
                                            % if user.company_id.website
                                            | <a href="'%s' % ${user.company_id.website}"
                                                 style="text-decoration:none; color: #454748;">
                                            ${user.company_id.website}
                                        </a>
                                            % endif
                                        </td></tr>
                                    </table>
                                </td>
                            </tr>
                        </tbody>
                    </table>
                </td></tr>
                    <!-- POWERED BY -->
                    <tr><td align="center" style="min-width: 590px;">
                        <table border="0" cellpadding="0" cellspacing="0" width="590"
                               style="min-width: 590px; background-color: #F1F1F1; color: #454748; padding: 8px; border-collapse:separate;">
                            <tr><td style="text-align: center; font-size: 13px;">
                                Powered by <a target="_blank"
                                              href="https://www.odoo.com?utm_source=db&amp;utm_medium=auth"
                                              style="color: #875A7B;">Odoo</a>
                            </td></tr>
                        </table>
                    </td></tr>
                </table>
            </field>
        </record>


        <record id="notify_nswo_published_email" model="mail.template">
            <field name="name">NSWO : Not Published.</field>
            <field name="model_id" ref="kg_tower.model_work_order"/>
            <field name="subject">NSWO not Published !</field>
            <field name="email_from">"${user.company_id.name | safe}" &lt;${(user.company_id.email or user.email) | safe}&gt;</field>
            <field name="email_to">${object.srr_id.partner_id.email | safe}</field>
            <field name="body_html" type="html">
                <table border="0" cellpadding="0" cellspacing="0"
                       style="padding-top: 16px; background-color: #F1F1F1; font-family:Verdana, Arial,sans-serif; color: #454748; width: 100%; border-collapse:separate;"><tr><td
                        align="center">
                    <table border="0" cellpadding="0" cellspacing="0" width="590"
                           style="padding: 16px; background-color: white; color: #454748; border-collapse:separate;">
                        <tbody>
                            <!-- HEADER -->
                            <tr>
                                <td align="center" style="min-width: 590px;">
                                    <table border="0" cellpadding="0" cellspacing="0" width="590"
                                           style="min-width: 590px; background-color: white; padding: 0px 8px 0px 8px; border-collapse:separate;">
                                        <tr><td valign="middle">
                                            <span style="font-size: 10px;">SRR</span><br/>
                                            <span style="font-size: 20px; font-weight: bold;">
                                                ${object.srr_id.partner_id.name}
                                            </span>
                                        </td><td valign="middle" align="right">
                                            <img src="/logo.png?company=${user.company_id.id}"
                                                 style="padding: 0px; margin: 0px; height: auto; width: 80px;"
                                                 alt="${user.company_id.name}"/>
                                        </td></tr>
                                        <tr><td colspan="2" style="text-align:center;">
                                            <hr width="100%"
                                                style="background-color:rgb(204,204,204);border:medium none;clear:both;display:block;font-size:0px;min-height:1px;line-height:0; margin: 16px 0px 16px 0px;"/>
                                        </td></tr>
                                    </table>
                                </td>
                            </tr>
                            <!-- CONTENT -->
                            <tr>
                                <td align="center" style="min-width: 590px;">
                                    <table border="0" cellpadding="0" cellspacing="0" width="590"
                                           style="min-width: 590px; background-color: white; padding: 0px 8px 0px 8px; border-collapse:separate;">
                                        <tr><td valign="top" style="font-size: 13px;">
                                            <div>
                                                Dear ${object.srr_id.partner_id.name},<br/><br/>
                                                This is to inform you that NSWO ${object.name} is not Published
                                                <br/>
                                                Thanks,
                                                % if user.company_id.name:
                                                <br/>
                                                ${user.company_id.name | safe}
                                                % endif
                                            </div>
                                        </td></tr>
                                        <tr><td style="text-align:center;">
                                            <hr width="100%"
                                                style="background-color:rgb(204,204,204);border:medium none;clear:both;display:block;font-size:0px;min-height:1px;line-height:0; margin: 16px 0px 16px 0px;"/>
                                        </td></tr>
                                    </table>
                                </td>
                            </tr>
                            <!-- FOOTER -->
                            <tr>
                                <td align="center" style="min-width: 590px;">
                                    <table border="0" cellpadding="0" cellspacing="0" width="590"
                                           style="min-width: 590px; background-color: white; font-size: 11px; padding: 0px 8px 0px 8px; border-collapse:separate;">
                                        <tr><td valign="middle" align="left">
                                            ${user.company_id.name}
                                        </td></tr>
                                        <tr><td valign="middle" align="left" style="opacity: 0.7;">
                                            ${user.company_id.phone}
                                            % if user.company_id.email
                                            | <a href="'mailto:%s' % ${user.company_id.email}"
                                                 style="text-decoration:none; color: #454748;">
                                            ${user.company_id.email}</a>
                                            % endif
                                            % if user.company_id.website
                                            | <a href="'%s' % ${user.company_id.website}"
                                                 style="text-decoration:none; color: #454748;">
                                            ${user.company_id.website}
                                        </a>
                                            % endif
                                        </td></tr>
                                    </table>
                                </td>
                            </tr>
                        </tbody>
                    </table>
                </td></tr>
                    <!-- POWERED BY -->
                    <tr><td align="center" style="min-width: 590px;">
                        <table border="0" cellpadding="0" cellspacing="0" width="590"
                               style="min-width: 590px; background-color: #F1F1F1; color: #454748; padding: 8px; border-collapse:separate;">
                            <tr><td style="text-align: center; font-size: 13px;">
                                Powered by <a target="_blank"
                                              href="https://www.odoo.com?utm_source=db&amp;utm_medium=auth"
                                              style="color: #875A7B;">Odoo</a>
                            </td></tr>
                        </table>
                    </td></tr>
                </table>
            </field>
        </record>


        <record id="sent_invoice_link" model="mail.template">
            <field name="name">Vendor Registration Payment</field>
            <field name="model_id" ref="kg_portal.model_vendor_registration"/>
            <field name="subject">Payment : Vendor Registration</field>
            <field name="email_from">"${user.company_id.name | safe}" &lt;${(user.company_id.email or user.email) | safe}&gt;</field>
            <field name="email_to">${object.email | safe}</field>
            <field name="auto_delete" eval="False"/>
            <field name="body_html" type="html">
                <table border="0" cellpadding="0" cellspacing="0"
                       style="padding-top: 16px; background-color: #F1F1F1; font-family:Verdana, Arial,sans-serif; color: #454748; width: 100%; border-collapse:separate;"><tr><td
                        align="center">
                    <table border="0" cellpadding="0" cellspacing="0" width="590"
                           style="padding: 16px; background-color: white; color: #454748; border-collapse:separate;">
                        <tbody>
                            <!-- HEADER -->
                            <tr>
                                <td align="center" style="min-width: 590px;">
                                    <table border="0" cellpadding="0" cellspacing="0" width="590"
                                           style="min-width: 590px; background-color: white; padding: 0px 8px 0px 8px; border-collapse:separate;">
                                        <tr><td valign="middle">
                                            <span style="font-size: 10px;">Payment</span><br/>
                                            <span style="font-size: 20px; font-weight: bold;">
                                                Vendor Registration
                                            </span>
                                        </td><td valign="middle" align="right">
                                            <img src="/logo.png?company=${user.company_id.id}"
                                                 style="padding: 0px; margin: 0px; height: auto; width: 80px;"
                                                 alt="${user.company_id.name}"/>
                                        </td></tr>
                                        <tr><td colspan="2" style="text-align:center;">
                                            <hr width="100%"
                                                style="background-color:rgb(204,204,204);border:medium none;clear:both;display:block;font-size:0px;min-height:1px;line-height:0; margin: 16px 0px 16px 0px;"/>
                                        </td></tr>
                                    </table>
                                </td>
                            </tr>
                            <!-- CONTENT -->
                            <tr>
                                <td align="center" style="min-width: 590px;">
                                    <table border="0" cellpadding="0" cellspacing="0" width="590"
                                           style="min-width: 590px; background-color: white; padding: 0px 8px 0px 8px; border-collapse:separate;">
                                        <tr><td valign="top" style="font-size: 13px;">
                                            <div>
                                                Dear ${object.organization},<br/><br/>
                                                THANK YOU!<br/><br/>
                                                Your request for vendor registration is submitted.<br/>
                                                Request Reference: ${object.name}<br/><br/>

                                                Please remit payment at your earliest convenience,<br/><br/>
                                                Click this link to pay online<br/>
                                                <div style="margin: 16px 0px 16px 0px;">
                                                    <a href="${ctx.get('link')}"
                                                       target="_blank"
                                                       style="background-color: #875a7b; text-decoration: none; color: #fff; padding: 8px 16px 8px 16px; border-radius: 5px;">
                                                        Pay Now</a>
                                                </div>
                                                If the payment has already been done, please disregard this mail.
                                                <br/><br/><br/>
                                                Thanks,
                                                % if user.company_id.name:
                                                <br/>
                                                ${user.company_id.name | safe}
                                                % endif
                                            </div>
                                        </td></tr>
                                        <tr><td style="text-align:center;">
                                            <hr width="100%"
                                                style="background-color:rgb(204,204,204);border:medium none;clear:both;display:block;font-size:0px;min-height:1px;line-height:0; margin: 16px 0px 16px 0px;"/>
                                        </td></tr>
                                    </table>
                                </td>
                            </tr>
                            <!-- FOOTER -->
                            <tr>
                                <td align="center" style="min-width: 590px;">
                                    <table border="0" cellpadding="0" cellspacing="0" width="590"
                                           style="min-width: 590px; background-color: white; font-size: 11px; padding: 0px 8px 0px 8px; border-collapse:separate;">
                                        <tr><td valign="middle" align="left">
                                            ${user.company_id.name}
                                        </td></tr>
                                        <tr><td valign="middle" align="left" style="opacity: 0.7;">
                                            ${user.company_id.phone}
                                            % if user.company_id.email
                                            | <a href="'mailto:%s' % ${user.company_id.email}"
                                                 style="text-decoration:none; color: #454748;">
                                            ${user.company_id.email}</a>
                                            % endif
                                            % if user.company_id.website
                                            | <a href="'%s' % ${user.company_id.website}"
                                                 style="text-decoration:none; color: #454748;">
                                            ${user.company_id.website}
                                        </a>
                                            % endif
                                        </td></tr>
                                    </table>
                                </td>
                            </tr>
                        </tbody>
                    </table>
                </td></tr>
                    <!-- POWERED BY -->
                    <tr><td align="center" style="min-width: 590px;">
                        <table border="0" cellpadding="0" cellspacing="0" width="590"
                               style="min-width: 590px; background-color: #F1F1F1; color: #454748; padding: 8px; border-collapse:separate;">
                            <tr><td style="text-align: center; font-size: 13px;">
                                Powered by <a target="_blank"
                                              href="https://www.odoo.com?utm_source=db&amp;utm_medium=auth"
                                              style="color: #875A7B;">Odoo</a>
                            </td></tr>
                        </table>
                    </td></tr>
                </table>
            </field>
        </record>


    </data>
</odoo>