<?xml version="1.0" encoding="utf-8"?>
<odoo>
    <data>
        <record id="product_category_fines" model="product.category">
            <field name="parent_id" ref="product.product_category_1"/>
            <field name="name">Fines</field>
        </record>

<!--        <record id="product_nswo_fine_fee" model="product.product">-->
<!--            <field name="name">NSWO Fine</field>-->
<!--            <field name="type">service</field>-->
<!--            <field name="taxes_id" eval="False"/>-->
<!--            <field name="supplier_taxes_id" eval="False"/>-->
<!--            <field name="sale_ok" eval="False"/>-->
<!--            <field name="purchase_ok" eval="False"/>-->
<!--            <field name="default_code">FINENSWO</field>-->
<!--            <field name="categ_id" ref="product_category_fines"/>-->
<!--        </record>-->

            <record id="approve_vendor_reg" model="mail.activity.type">
            <field name="name">Approve Vendor Registration</field>
            <field name="icon">fa-sun-o</field>
            <field name="res_model_id" ref="kg_portal.model_vendor_registration"/>
        </record>


            <record id="onboard_vendor_reg" model="mail.activity.type">
            <field name="name">Onboard Vendor Registration</field>
            <field name="icon">fa-sun-o</field>
            <field name="res_model_id" ref="kg_portal.model_vendor_registration"/>
        </record>

    </data>
</odoo>