<?xml version="1.0" encoding="utf-8"?>
<odoo>
    <data>
        <record id="seq_vendor_registration_req" model="ir.sequence">
            <field name="name">Vendor Registration</field>
            <field name="code">vendor.registration</field>
            <field name="prefix">VR/</field>
            <field name="padding">3</field>
        </record>

        <record id="seq_srr_fine" model="ir.sequence">
            <field name="name">SRR Fine</field>
            <field name="code">srr.fine</field>
            <field name="prefix">F/</field>
            <field name="padding">3</field>
        </record>
    </data>
</odoo>