<?xml version="1.0" encoding="utf-8"?>
<odoo>
    <data>
        <!-- Accounts -->
        <record id="inherit_account_list" model="ir.ui.view">
            <field name="name">account.account.inherit.list</field>
            <field name="model">account.account</field>
            <field name="inherit_id" ref="account.view_account_list"/>
            <field name="arch" type="xml">
                <field name="reconcile" position="after">
                    <field name="restrict_balance"/>
                    <field name="min_balance" optional="hide" attrs="{'invisible':[('restrict_balance','=',False)],'required':[('restrict_balance','=',True)]}"/>
                    <field name="max_transaction" optional="hide" attrs="{'invisible':[('restrict_balance','=',False)],'required':[('restrict_balance','=',True)]}"/>
                    <field name="alert_limit" optional="hide" attrs="{'invisible':[('restrict_balance','=',False)],'required':[('restrict_balance','=',True)]}"/>

                </field>
            </field>
        </record>

</data>
</odoo>