<?xml version="1.0" encoding="utf-8"?>
<odoo>
    <data>
        <record id="inherit_account_move_form" model="ir.ui.view">
            <field name="name">account.move.inherit.form</field>
            <field name="model">account.move</field>
            <field name="inherit_id" ref="account.view_move_form"/>
            <field name="arch" type="xml">

                <xpath expr="//sheet" position="before">
                    <field name="budget_exceed" invisible="1"/>
                    <field name="budget_restrict" invisible="1"/>
                    <!--                    <field name="show_warning" invisible="1"/>-->

                    <div class="alert alert-info" role="alert" style="margin-bottom:0px;"
                         attrs="{'invisible': [('budget_exceed', '=', False)]}">
                        <field name="budget_warning_message" widget="html" nolabel="1"/>
                    </div>


                    <!--                     <div class="alert alert-info" role="alert" style="margin-bottom:0px;"-->
                    <!--                         attrs="{'invisible': [('show_warning', '=', False)]}">-->
                    <!--                        <field name="alert_warning_message" widget="html" nolabel="1"/>-->
                    <!--                    </div>-->


                </xpath>

                <xpath expr="//label[@for='journal_id']" position="before">

                    <field name="grace_due_date"
                           attrs="{'invisible': [('move_type', 'not in', ('out_invoice', 'out_refund', 'in_invoice', 'in_refund', 'out_receipt', 'in_receipt'))]}"/>
                    <field name="milestone" widget="percentage"
                           attrs="{'invisible': [('move_type', '!=', 'in_invoice')]}"/>
                    <field name="site_id"
                           attrs="{'invisible': [('move_type', '!=', 'in_invoice')]}"/>
                    <field name="tswo_id"
                           attrs="{'invisible': [('move_type', '!=', 'in_invoice')]}"/>
                    <field name="stock_order_id"/>
                    <field name="wo_number_imp" attrs="{'invisible': [('move_type', '!=', 'in_invoice')]}"/>
                    <field name="btf_number" attrs="{'invisible': [('move_type', '!=', 'in_invoice')]}"/>
                    <field name="additional_site" attrs="{'invisible': [('move_type', '!=', 'in_invoice')]}"/>
                    <field name="balance_payable" attrs="{'invisible': [('move_type', '!=', 'in_invoice')]}"/>
                    <field name="is_imported" invisible="1"/>
                </xpath>
                <xpath expr='//div[@name="button_box"]' position='inside'>
                    <button type="object" name="show_lease"
                            class="oe_stat_button" icon="fa-building" attrs="{'invisible': [('move_type', '=', 'entry')]}">
                        <field name="lease_count" string="OwnerRent/Lease" widget="statinfo"/>
                    </button>


                    <button type="object" name="show_penaltys"
                            class="oe_stat_button" icon="fa-book" attrs="{'invisible': [('move_type', '=', 'entry')]}">
                        <field name="penalty_count" string="Penalty" widget="statinfo"/>
                    </button>

                    <button type="object" name="show_disputes"
                            class="oe_stat_button" icon="fa-book" attrs="{'invisible': [('move_type', '=', 'entry')]}">
                        <field name="dispute_count" string="Disputes" widget="statinfo"/>
                    </button>

                </xpath>

                <xpath expr="//field[@name='invoice_line_ids']/tree/field[@name='quantity']" position="after">
                    <field name="milestone_percentage" readonly="1" widget="percentage"/>
                </xpath>
                <xpath expr="//field[@name='invoice_line_ids']/tree/field[@name='name']" position="after">
                    <field name="add_note"/>
                </xpath>
                <xpath expr="//field[@name='line_ids']/tree/field[@name='company_id']" position="after">
                    <field name="milestone_percentage" invisible="1" widget="percentage"/>
                    <field name="add_note" invisible="1"/>
                </xpath>


                <xpath expr="//page[@name='other_info']//group[@name='sale_info_group']/label[@for='ref']"
                       position="attributes">
                    <attribute name="string">Invoice Reference</attribute>
                </xpath>


                <xpath expr="//group[@id='header_right_group']/div[@class='o_td_label']/label[2]"
                       position="replace">
                    <label for="invoice_date" string="Refund Date" style="font-weight:bold;"
                           attrs="{'invisible': [('move_type', 'in', ('out_invoice', 'in_invoice', 'out_refund'))]}"/>
                    <label for="invoice_date" string="Bill Date" style="font-weight:bold;"
                           attrs="{'invisible': [('move_type', 'in', ('out_invoice', 'out_refund', 'in_refund'))]}"/>
                </xpath>

                <xpath expr="//group[@id='header_right_group']/div[@class='o_td_label']/label[1]"
                       position="replace">
                    <label for="invoice_date" string="Invoice Date" style="font-weight:bold;"
                           attrs="{'invisible': [('move_type', 'in', ('in_invoice', 'out_refund', 'in_refund'))]}"/>
                    <label for="invoice_date" string="Credit Note Date" style="font-weight:bold;"
                           attrs="{'invisible': [('move_type', 'in', ('out_invoice', 'in_invoice', 'in_refund'))]}"/>
                </xpath>


            </field>
        </record>


        <record id="inherit_account_move_filter" model="ir.ui.view">
            <field name="name">account.move.inherit.filter</field>
            <field name="model">account.move</field>
            <field name="inherit_id" ref="account.view_account_invoice_filter"/>
            <field name="arch" type="xml">
                <xpath expr="//filter[@name='late']" position="after">

                    <filter name="grace_late" string="Over Grace Period"
                            domain="['&amp;', ('grace_due_date', '&lt;', time.strftime('%Y-%m-%d')), ('state', '=', 'posted'), ('payment_state', 'in', ('not_paid', 'partial'))]"
                            help="Over Grace period invoices, grace  date passed"/>

                </xpath>

                <xpath expr="//filter[@name='due_date']" position="after">

                    <filter name="grace_date" string="Grace Due Date" date="grace_due_date"/>

                </xpath>
            </field>
        </record>

        <record id="account_penalty_view_tree" model="ir.ui.view">
            <field name="name">Penalty Tree</field>
            <field name="model">account.penalty</field>
            <field name="arch" type="xml">
                <tree string="Penalty">
                    <field name="name"/>
                    <field name="date"/>
                    <field name="amount" sum="Total Amount"/>
                    <field name="penalty_move_id"/>
                </tree>
            </field>
        </record>


        <record id="inherit_account_move_entry" model="ir.ui.view">
            <field name="name">account.move.inherit.entry</field>
            <field name="model">account.move</field>
            <field name="inherit_id" ref="account.view_move_form"/>
            <field name="arch" type="xml">
                <xpath expr="//field[@name='line_ids']/tree/field[@name='name']" position="after">
                    <field name="inv_type" invisible="1"/>
                    <field name="seq" attrs="{'invisible': [('inv_type','!=', 'entry')]}"/>
                </xpath>
            </field>
        </record>
    </data>
</odoo>