<?xml version="1.0" encoding="utf-8"?>
<odoo>
    <data>
        <!-- Accounts -->
        <record id="inherit_account_payment_term_line_tree" model="ir.ui.view">
            <field name="name">account.payment.term.line.tree</field>
            <field name="model">account.payment.term.line</field>
            <field name="inherit_id" ref="account.view_payment_term_line_tree"/>
            <field name="arch" type="xml">
                <xpath expr="//field[@name='sequence']" position="after">
                    <field name="description"/>


                </xpath>
            </field>
        </record>
        <record id="inherit_account_payment_term_line_form" model="ir.ui.view">
            <field name="name">account.payment.term.line.form</field>
            <field name="model">account.payment.term.line</field>
            <field name="inherit_id" ref="account.view_payment_term_line_form"/>
            <field name="arch" type="xml">
                <xpath expr="//field[@name='sequence']" position="before">
                    <h2>Description</h2>
                    <div>
                        <field name="description"/>

                    </div>

                </xpath>
            </field>
        </record>
        <record id="inherit_account_payment_form_vendor" model="ir.ui.view">
            <field name="name">account.payment.inherit.form.vendor</field>
            <field name="model">account.payment</field>
            <field name="inherit_id" ref="account.view_account_payment_form"/>
            <field name="arch" type="xml">
                <!--                <button name="action_cancel" position="attributes">-->
                <!--                    <attribute name="attrs">{'invisible': ['|',('state', '!=', 'draft'),('stage', 'in', ['authorisor_review_2','cancel'])]}-->
                <!--                    </attribute>-->
                <!--                </button>-->
<!--                <button name="action_cancel" position="attributes">-->
<!--                    <attribute name="invisible">1</attribute>-->
<!--                </button>-->

                <!--                <button name="action_draft" position="attributes">-->
                <!--                    <attribute name="attrs">{'invisible': ['|',('state', 'not in', ('posted', 'cancel')),('payment_type', '!=', 'inbound')]}</attribute>-->
                <!--                </button>-->

                <button name="action_draft" position="attributes">
                    <attribute name="invisible">1</attribute>
                </button>
                <button name="unmark_as_sent" position="attributes">
                    <attribute name="attrs">{'invisible': ['|', '|','|', ('state', '!=', 'posted'), ('is_move_sent',
                        '=', False), ('payment_method_code', '!=', 'manual'),('payment_type', '!=', 'inbound')]}
                    </attribute>
                </button>
                <button name="mark_as_sent" position="attributes">
                    <attribute name="attrs">{'invisible': ['|', '|', '|',('state', '!=', 'posted'), ('is_move_sent',
                        '=', True), ('payment_method_code', '!=', 'manual'),('payment_type', '!=', 'inbound')]}
                    </attribute>
                </button>
                <button name="action_post" position="attributes">
                    <attribute name="attrs">{'invisible': ['|',('state', '!=', 'draft'),('payment_type', '!=',
                        'inbound')]}
                    </attribute>
                </button>


                <button name="action_post" position="after">
                    <!--                    <button name="acc_review_1" string="Review" type="object" class="oe_highlight"-->
                    <!--                            attrs="{'invisible': ['|',('payment_type', '!=', 'outbound'),('stage', '!=', 'account_prepare')]}"-->
                    <!--                            groups="account.group_account_invoice"/>-->
                    <!--                    <button name="acc_review_1" string="Review" type="object" class="oe_highlight"-->
                    <!--                            attrs="{'invisible': ['|',('payment_type', '!=', 'outbound'),('stage', '!=', 'account_prepare')]}"-->
                    <!--                            groups="account.group_account_invoice"/>-->
                    <!--                    <button name="acc_review_2" string="Review" type="object" class="oe_highlight"-->
                    <!--                            attrs="{'invisible': ['|',('payment_type', '!=', 'outbound'),('stage', '!=', 'account_review_1')]}"-->
                    <!--                            groups="account.group_account_user"/>-->
                    <!--                    <button name="aud_review" string="Auditor Review" type="object" class="oe_highlight"-->
                    <!--                            attrs="{'invisible': ['|',('payment_type', '!=', 'outbound'),('stage', '!=', 'account_review_2')]}"-->
                    <!--                            groups="account.group_account_readonly"/>-->
                    <!--                    <button name="auth_review_1" string="Authorisor Review" type="object" class="oe_highlight"-->
                    <!--                            attrs="{'invisible': ['|',('payment_type', '!=', 'outbound'),('stage', '!=', 'auditor_review')]}"-->
                    <!--                            groups="kg_tower.group_first_authoriser"/>-->
                    <!--                    <button name="auth_review_2" string="Authorisor Review" type="object" class="oe_highlight"-->
                    <!--                            attrs="{'invisible': ['|',('payment_type', '!=', 'outbound'),('stage', '!=', 'authorisor_review_1')]}"-->
                    <!--                            groups="kg_tower.group_second_authoriser"/>-->

                    <button name="%(kg_tower.action_btf_letter_report_new)d" string="Bank Transfer Letter" type="action"
                            attrs="{'invisible': [('payment_type', '!=', 'outbound')]}" states="posted"
                            class="oe_highlight"/>
                    <!--                    <button name="%(kg_tower.action_credit_card_report_new)d" string="Credit Card Voucher" type="action"-->
                    <!--                            attrs="{'invisible': [('payment_type', '!=', 'outbound')]}" states="posted"-->
                    <!--                            class="oe_highlight"/>-->


                </button>
                <!--                <field name="state" position="replace" >-->
                <!--                    <field name="state"   widget="statusbar" attrs="{'invisible': [('payment_type', '!=', 'inbound')]}" statusbar_visible="draft,posted,cancel"/>-->
                <!--                    <field name="stage" widget="statusbar" attrs="{'invisible': [('payment_type', '!=', 'outbound')]}"-->
                <!--                           statusbar_visible="account_prepare,account_review_1,account_review_2,auditor_review,authorisor_review_1,authorisor_review_2,cancel"/>-->

                <!--                </field>-->
                <field name="is_internal_transfer" position="after">
                    <field name="move_id_for_reconcile" invisible="1"/>
                    <field name="available_partner_bank_ids" invisible="1"/>
                </field>

                <field name="ref" position="after">
                    <label for="check_status"
                           attrs="{'invisible': ['|',('payment_type', '!=', 'inbound'),('journal_id', '!=',  %(kg_tower.check_journal_customer)d)]}"/>

                    <div attrs="{'invisible': ['|',('payment_type', '!=', 'inbound'),('journal_id', '!=',  %(kg_tower.check_journal_customer)d)]}">
                        <field name="check_status" readonly="1" class="oe_inline"
                        />
                        <button name="collect_check" icon="fa-check"
                                attrs="{'invisible': [('check_status', '!=',  'under_collection')]}" string="Collect"
                                type="object" class="oe_inline"/>
                        <button name="cancel_check" icon="fa-times" string="Cancel"
                                attrs="{'invisible': [('check_status', '=',  'cancel')]}" type="object"
                                class="oe_inline"/>
                        <button name="reset_check" icon="fa-repeat" string="Re-Collect"
                                attrs="{'invisible': [('check_status', '!=',  'cancel')]}" type="object"
                                class="oe_inline"/>

                    </div>

                </field>
                <field name="move_id" position="after">
                    <field name="tswo_id" attrs="{'invisible': [('payment_type', '!=', 'outbound')]}"/>
                    <field name="old_invoice_no" string="Invoice Reference"/>
                    <field name="invoice_date"/>
                    <field name="site_id" attrs="{'invisible': [('payment_type', '!=', 'outbound')]}"/>
                    <field name="milestone" attrs="{'invisible': [('payment_type', '!=', 'outbound')]}"/>
                    <field name="milestone_imp" attrs="{'invisible': [('payment_type', '!=', 'outbound')]}"/>
                    <field name="btf_no" force_save="1" attrs="{'invisible': [('payment_type', '!=', 'outbound')]}"/>
                    <field name="bank_batch"/>
                    <field name="wo_number_imp" attrs="{'invisible': [('payment_type', '!=', 'outbound')]}"/>
                    <field name="is_imported" invisible="1"/>
                </field>

                <!--<<<<<<<<<<<<<<<<<<<<<<<<<<<>>>>>>>>>>>>>>>>>>>>>>>>>>>-->
                <!--<<<<<<<<<<<<<<<<<<<Approval Section>>>>>>>>>>>>>>>>>>>-->
                <!--<<<<<<<<<<<<<<<<<<<<<<<<<<<>>>>>>>>>>>>>>>>>>>>>>>>>>>-->

                <xpath expr="//sheet[last()]" position="before">
                    <sheet>

                        <button name="approve_tran_request" string="Request" type="object" class="oe_highlight mr-2"
                                attrs="{'invisible': ['|',('payment_type', '=', 'inbound'),('show_approve_button', '!=', True)]}"/>
                        <button name="approve_tran_do_approve" string="Approve" type="object" class="oe_highlight mr-2"
                                attrs="{'invisible': ['|', '|', ('payment_type', '=', 'inbound'),('next_approval', '=', False),('rejected', '=', True)]}"/>
                        <button name="approve_tran_do_reject" string="Reject" type="object" class="oe_highlight mr-2"
                                attrs="{'invisible': ['|','|',('payment_type', '=', 'inbound'),('fully_approved', '=', True),('rejected', '=', True)]}"/>
                        <button string="Send Back" name="send_back"
                                attrs="{'invisible': [ '|', ('next_approval', '=', False), ('rejected', '=', True)]}"
                                type="object" class="oe_highlight mr-2"/>
                        <field name="approved_details" widget="html" readonly="1"/>
                        <group string="Approvals" attrs="{'invisible': [('payment_type', '=', 'inbound')]}">
                            <group>
                                <field name="approval_config_id" widget="selection"
                                       attrs="{'readonly':[('show_approve_button','=', False)],'required':[('payment_type', '=', 'outbound')]}"/>
                                <field name="show_approve_button" invisible="1"/>
                                <field name="model" invisible="1"/>
                                <field name="model_id" invisible="1"/>
                            </group>
                            <group>
                                <field name="next_approval" readonly="1"/>
                                <field name="approved_list" invisible="1"/>
                                <field name="fully_approved" invisible="1"/>
                                <field name="rejected" invisible="1"/>
                            </group>
                        </group>
                    </sheet>
                </xpath>

                <!--<<<<<<<<<<<<<<<<<<<<<<<<<<<>>>>>>>>>>>>>>>>>>>>>>>>>>>-->
                <!--<<<<<<<<<<<<<<<<<<<Approval Section End>>>>>>>>>>>>>>>>>>>-->
                <!--<<<<<<<<<<<<<<<<<<<<<<<<<<<>>>>>>>>>>>>>>>>>>>>>>>>>>>-->

                <xpath expr="//sheet[last()]" position="inside">
                    <notebook attrs="{'invisible': [('payment_type','=', 'inbound')]}">
                        <page string='Bills'>
                            <field name="allocated_payment_ids">
                                <tree editable="bottom" create="false">
                                    <field name="bill_id"/>
                                    <field name="move_line_id" invisible="1"/>
                                    <field name="inv_date"/>
                                    <field name="date_due"/>
                                    <field name="inv_amount"/>
                                    <field name="inv_allocate_amount"/>
                                    <field name="milestone_per" widget="percentage"/>
                                    <field name="site"/>
                                    <field name="twso_id"/>
                                </tree>
                            </field>
                        </page>
                    </notebook>
                </xpath>
            </field>
        </record>

    </data>
</odoo>