<?xml version="1.0" encoding="utf-8"?>
<odoo>
    <data>
        <record id="inherit_asset_pac_tree" model="ir.ui.view">
            <field name="name">inherit.account.asset.pac.view.tree</field>
            <field name="model">account.asset.pac</field>
            <field name="inherit_id" ref="otc_assets.account_asset_pac_view_tree"/>
            <field name="arch" type="xml">
                <field name="site_id" position="after">
                    <field name="structure_type_id"/>

                </field>

            </field>
        </record>

        <record id="inherit_asset_pac_form" model="ir.ui.view">
            <field name="name">inherit.account.asset.pac.view.form</field>
            <field name="model">account.asset.pac</field>
            <field name="inherit_id" ref="otc_assets.account_asset_pac_view_form"/>
            <field name="arch" type="xml">
                <button name="create_insurance_tracker" position="after">
                    <button string="Create Insurance Declaration" name="create_insurance_decl" type="object"
                            class="oe_highlight" attrs="{'invisible': [('insurance_status', '!=', 'to_insure')]}"/>
<!--                    <button name="action_approve_contractor" states="draft" string="Approve" type="object"-->
<!--                            class="oe_highlight"/>-->
                    <button name="action_approve_senior_project" states="draft" string="Approve" type="object"
                            class="oe_highlight"/>
                     <button name="action_approve_assets" states="approval_two" string="Approve" type="object"
                            class="oe_highlight"/>
                    <button name="action_approve_project" states="approval_three" string="Approve" type="object"
                            class="oe_highlight"/>
                    <button name="action_approve_finance" states="approval_four" string="Approve" type="object"
                            class="oe_highlight"/>
                    <button name="action_confirm" states="approval_five" string="Confirm" type="object"
                            class="oe_highlight"/>
                    <button name="action_cancel"
                            states="draft,approval_one,approval_two,approval_three,approval_four,approval_five"
                            string="Cancel" type="object"/>

                    <field name="state" widget="statusbar"
                           statusbar_visible="draft,confirm"/>
                </button>
                <field name="site_id" position="after">
                    <field name="structure_type_id"/>
                    <field name="total_site_value" force_save="1"/>
                </field>
                <xpath expr="//div[@name='button_box']" position="inside">
                    <button class="oe_stat_button" type="object" name="get_ins_decl"
                            icon="fa-car">
                        <field string="Insurance Declaration" name="ins_dec_count" widget="statinfo"/>
                    </button>
                    <button class="oe_stat_button text-danger" icon="fa-id-card-o" type="object" name="view_pac" string="Linked PAC"/>
                    <button class="oe_stat_button" icon="fa-cube" type="object" name="view_assets" string="Linked Assets"/>
                </xpath>
                <xpath expr="//field[@name='sf_status']" position="after">
                    <field name="sf_status_hard"/>
                    <field name="pac_type"/>
                </xpath>
                <xpath expr="//field[@name='total_work_order_value']" position="after">
                    <field name="final_site_value" force_save="1"/>
                    <field name="other_expense" force_save="1"/>
                </xpath>
                <xpath expr="//group[@name='wo']" position="after">
                    <notebook>

                        <page name="tswo" string="TSWO">
                            <field name="tswo_ids">
                                <tree create="false" editable="top">
                                    <field name="tswo_id" readonly="1"/>
                                </tree>
                            </field>
                        </page>
                    </notebook>
                </xpath>
                <field name="addt_exp_value" position="after">
                    <field name="balance_amount"/>
                </field>
            </field>
        </record>

        <record id="inherit_asset_insurance_tree" model="ir.ui.view">
            <field name="name">inherit.account.asset.insurance.view.tree</field>
            <field name="model">account.asset.insurance</field>
            <field name="inherit_id" ref="otc_assets.account_asset_insurance_view_tree"/>
            <field name="arch" type="xml">
                <field name="otc_id" position="after">
                    <field name="structure_type_id"/>
                </field>

            </field>
        </record>

        <record id="inherit_asset_insurance_form" model="ir.ui.view">
            <field name="name">inherit.account.asset.insurance.view.form</field>
            <field name="model">account.asset.insurance</field>
            <field name="inherit_id" ref="otc_assets.account_asset_insurance_view_form"/>
            <field name="arch" type="xml">
                <field name="project_id" position="after">
                    <field name="structure_type_id"/>
                </field>

            </field>
        </record>



        <record id="inherit_account_asset_form_pac" model="ir.ui.view">
            <field name="name">inherit.account.asset.form.pac</field>
            <field name="model">account.asset</field>
            <field name="inherit_id" ref="account_asset.view_account_asset_form"/>
            <field name="arch" type="xml">
                <field name="barcode" position="after">
                    <field name="project_id" readonly="1"/>
                    <field name="pac_id" readonly="1"/>
                    <field name="site_id" readonly="0"/>
                </field>
            </field>
        </record>


    </data>
</odoo>