<?xml version="1.0" encoding="UTF-8"?>
<odoo>

    <record id="inherit_account_bank_statement_form" model="ir.ui.view">
        <field name="name">account.move.statement.form</field>
        <field name="model">account.bank.statement</field>
        <field name="inherit_id" ref="account.view_bank_statement_form"/>
        <field name="arch" type="xml">
            <xpath expr="//sheet" position="before">
                <field name="budget_exceed" invisible="1"/>
                <field name="budget_restrict" invisible="1"/>

                <div class="alert alert-info" role="alert" style="margin-bottom:0px;"
                     attrs="{'invisible': [('budget_exceed', '=', False)]}">
                    <field name="budget_warning_message" widget="html" nolabel="1"/>
                </div>


            </xpath>
            <xpath expr="//form/sheet/group/group[2]/div[2]" position="after">
                <field name="btf_number" string="BTF Number"/>
            </xpath>
            <xpath expr="//field[@name='line_ids']/tree/field[@name='amount']" position="before">
                <field name="analytic_account_id"/>
                <field name="btf_number" invisible="0"/>
            </xpath>
            <field name="state" position="before">
                <button name="%(kg_tower.action_petty_cash_report_new)d" string="Petty Cash Voucher" type="action"
                        invisible="not context.get('journal_type', False)" class="oe_highlight"/>

            </field>

            <xpath expr="//group[1]" position="before">
                <div class="oe_title oe_inline">
                    <label for="number" class="oe_edit_only"/>
                    <h2>
                        <field name="number"/>
                    </h2>
                </div>


            </xpath>

        </field>
    </record>
    <menuitem id="menu_cash_register" name="Cash Registers"
              parent="account.menu_finance_entries_accounting_miscellaneous"
              action="account.action_view_bank_statement_tree"
              sequence="40"/>

</odoo>
