<?xml version="1.0" encoding="utf-8"?>
<odoo>
    <data>
        <record id="inherit_budget_view" model="ir.ui.view">
            <field name="name">crossovered.budget.tree</field>
            <field name="model">crossovered.budget</field>
            <field name="inherit_id" ref="account_budget.crossovered_budget_view_form"/>
            <field name="arch" type="xml">
                <field name="user_id" position="attributes">
                    <attribute name="invisible">1</attribute>
                </field>
                <xpath expr="//field[@name='crossovered_budget_line']/tree/field[@name='analytic_account_id']" position='after'>
                    <field name="user_id" string="Responsible" optional="hide"/>
                    <field name="analytic_group" string="Analytic Group" optional="hide"/>
                 </xpath>
            </field>
        </record>
    </data>
</odoo>