<?xml version="1.0" encoding="utf-8"?>
<odoo>
    <data>
        <record id="inherit_crm_lead_form" model="ir.ui.view">
            <field name="name">crm.lead.inherit.form</field>
            <field name="model">crm.lead</field>
            <field name="inherit_id" ref="crm.crm_lead_view_form"/>
            <field name="arch" type="xml">
                <xpath expr='//div[@name="button_box"]' position='inside'>
                    <button type="object" name="show_ndas"
                            class="oe_stat_button" icon="fa-book">
                        <field name="nda_count" string="NDA's" widget="statinfo"/>
                    </button>

                </xpath>

            </field>
        </record>


        <record id="inherit_hr_department_acc_group" model="ir.ui.view">
            <field name="name">hr.department.inherit.form</field>
            <field name="model">hr.department</field>
            <field name="inherit_id" ref="hr.view_department_form"/>
            <field name="arch" type="xml">
                <xpath expr='//field[@name="parent_id"]' position='after'>
                    <field name="analytic_group_id"/>
                </xpath>
            </field>
        </record>
    </data>
</odoo>