<?xml version="1.0" encoding="utf-8"?>
<odoo>
    <data>
        <record id="inherit_event_form" model="ir.ui.view">
            <field name="name">event.event.inherit.form</field>
            <field name="model">event.event</field>
            <field name="inherit_id" ref="event.view_event_form"/>
            <field name="arch" type="xml">
                <xpath expr='//div[@name="button_box"]' position='inside'>
                    <button type="object" name="show_gifts"
                            class="oe_stat_button" icon="fa-book">
                        <field name="gift_count" string="Gifts" widget="statinfo"/>
                    </button>

                </xpath>

            </field>
        </record>
    </data>
</odoo>