<?xml version="1.0" encoding="utf-8"?>
<odoo>
    <data>
        <record id="view_tree_project_milestone" model="ir.ui.view">
            <field name="name">view.tree.project.milestone</field>
            <field name="model">project.milestone</field>
            <field name="arch" type="xml">
                <tree string="Project Milestone" create="false">
                    <field name="milestone"/>
                    <field name="milestone_per"/>
                    <field name="project_id"/>
                    <field name="milestone_task_id"/>
                    <field name="task_stage_id"/>
                    <field name="work_total_value" optional="hide"/>
                    <field name="work_order_invoiced_value" optional="show"/>
                    <field name="balance_amount" optional="show"/>
                    <field name="stock_order_id" optional="hide"/>
                    <field name="tswo" optional="show"/>
                </tree>
            </field>
        </record>

        <record id="view_form_project_milestone" model="ir.ui.view">
            <field name="name">project_milestone_view_form</field>
            <field name="model">project.milestone</field>
            <field name="arch" type="xml">
                <form string="Project Milestone" create="false">
                    <header>
                        <button name="action_create_invoice" string="Create Invoice" type="object"
                                class="oe_highlight" invisible="1"/>
                    </header>
                    <sheet>
                        <div class="oe_title">
                            <h1>
                                <field name="milestone" readonly="1"/>
                            </h1>
                        </div>
                        <group>
                            <group>
                                <field name="milestone_no" readonly="1"/>
                                <field name="milestone_per" readonly="1"/>
                                <field name="project_id" readonly="1"/>
                                <field name="milestone_task_id" readonly="1"/>
                                <field name="task_stage_id" readonly="1"/>

                            </group>
                            <group>
                                <field name="stock_order_id" readonly="1"/>
                                <field name="move_id" readonly="1"/>
                                <field name="tswo" readonly="1"/>
                                <field name="work_total_value" readonly="1"/>
                                <field name="work_order_invoiced_value" readonly="1"/>
                                <field name="balance_amount" readonly="1"/>
                            </group>
                        </group>
                    </sheet>
                </form>
            </field>
        </record>


        <record id="action_view_milestone_1" model="ir.actions.server">
            <field name="name">Milestone</field>
            <field name="model_id" ref="model_project_milestone"/>
            <field name="state">code</field>
            <field name="code">
                action = model.action_list_milestone()
            </field>
        </record>
        <menuitem name="Milestone" id="id_view_milestone"
                  parent="kg_tower.work_order_project" sequence="56" action="action_view_milestone_1"/>

        <menuitem action="otc_assets.action_account_asset_pac" id="id_menu_pac_project"
              parent="kg_tower.work_order_project" name="PAC" sequence="60"/>

        <menuitem
            action="otc_assets.action_account_asset_fac"
            id="id_fac_project"
            parent="kg_tower.work_order_project"
            name="FAC" sequence="62"/>
    </data>
</odoo>