<?xml version="1.0" encoding="utf-8"?>
<odoo>
    <data>

        <record id="inherit_view_partner_bank_form" model="ir.ui.view">
            <field name="name">Partner Bank Inherit</field>
            <field name="model">res.partner.bank</field>
            <field name="inherit_id" ref="base.view_partner_bank_form"/>
            <field name="arch" type="xml">
                <xpath expr="//field[@name='acc_holder_name']" position="after">
                    <field name="nature"/>
                </xpath>
            </field>
        </record>

        <!-- Inherit Form View to Modify it -->
        <record id="inherit_res_partner" model="ir.ui.view">
            <field name="name">Partner Inherit</field>
            <field name="model">res.partner</field>
            <field name="inherit_id" ref="base.view_partner_form"/>
            <field name="arch" type="xml">
                <xpath expr="//field[@name='name']" position="after">
                    <h3>
                        <field name="arabic_name" default_focus="1" placeholder="Arabic Name"/>
                    </h3>
                </xpath>
                <xpath expr="//group[@name='sale']" position="after">
                    <group string="Operator" name="operator" priority="3">
                        <field name="operator"/>
                        <field name="op_seq_code" attrs="{'required': [('operator', '=', True),('company_type', '=', 'company')]}"/>

                        <field name="operator_sequence" readonly="1"/>
                        <field name="is_submission_type"/>
                    </group>

                    <group string="Contractor" name="contractor" priority="4">
                        <field name="contractor"/>
                        <field name="con_seq_code" attrs="{'required': [('contractor', '=', True)]}"/>
                        <field name="contractor_sequence" readonly="1"/>

                        <field name="vendor_contractor_location_id" readonly="1"/>
                        <field name="vendor_picking_type_id" readonly="1"/>

                    </group>

                    <group string="Owner" name="owner" priority="5">
                        <field name="owner"/>
                    </group>
                </xpath>
                <xpath expr="//field[@name='vat']" position="after">

                    <label for="invoice_policy"  attrs="{'invisible': [('operator', '=', False)]}"/>
                    <div>
                        <field name="invoice_policy" class="oe_inline"  attrs="{'invisible': [('operator', '=', False)]}"/>
                        <span class="oe_inline"  attrs="{'invisible': [('operator', '=', False)]}">Months</span>
                    </div>
                    <label for="site_comm_days"  attrs="{'invisible': [('operator', '=', False)]}"/>
                    <div>
                        <field name="site_comm_days" class="oe_inline"  attrs="{'invisible': [('operator', '=', False)]}"/>
                        <span class="oe_inline"  attrs="{'invisible': [('operator', '=', False)]}">Days</span>
                    </div>
                </xpath>

                <field name="show_portal_tender" position="after">
                    <field name="show_nswo" string="Show NSWO"/>
                    <field name="show_srr" string="Show SRR"/>
                </field>
            </field>
        </record>
        <record id="action_partner_form_contractor" model="ir.actions.act_window">
            <field name="name">Contractors</field>
            <field name="type">ir.actions.act_window</field>
            <field name="res_model">res.partner</field>
            <field name="view_mode">kanban,tree,form</field>
            <field name="domain">[('contractor', '=', True)]</field>

            <field name="context">{'default_contractor': True}</field>
            <field name="search_view_id" ref="base.view_res_partner_filter"/>
            <field name="help" type="html">
                <p class="o_view_nocontent_smiling_face">
                    Create a new Contractor in your address book
                </p>
                <p>
                    Odoo helps you easily track all activities related to a Contractor.
                </p>
            </field>
        </record>

        <record id="action_partner_form_operator" model="ir.actions.act_window">
            <field name="name">Operator</field>
            <field name="type">ir.actions.act_window</field>
            <field name="res_model">res.partner</field>
            <field name="view_mode">kanban,tree,form</field>
            <field name="domain">[('operator', '=', True)]</field>

            <field name="context">{'default_operator': True}</field>
            <field name="search_view_id" ref="base.view_res_partner_filter"/>
            <field name="help" type="html">
                <p class="o_view_nocontent_smiling_face">
                    Create a new Operator in your address book
                </p>
                <p>
                    Odoo helps you easily track all activities related to a Operator.
                </p>
            </field>
        </record>

        <menuitem id="operation_master_data" name="Master Data" parent="ring_request_root" sequence="30"
                  groups="kg_tower.group_comm_dept_mgr,kg_tower.group_comm_dept"/>
        <menuitem id="menu_contractor" name="Contractor" parent="operation_master_data"
                  action="action_partner_form_contractor"
                  sequence="2"/>

        <menuitem id="menu_operator" name="Operator" parent="operation_master_data"
                  action="action_partner_form_operator"
                  sequence="1"/>
    </data>
</odoo>