<odoo>
    <data>
        <record id="product_brand_id" model="ir.ui.view">
            <field name="name">Brand Name</field>
            <field name="model">product.template</field>
            <field name="inherit_id" ref="product.product_template_form_view"/>
            <field name="arch" type="xml">
                <field name="categ_id" position="after">
                    <field name="item_serial_no" force_save="1"/>
                    <field name="brand_id"/>
                    <field name="model_no"/>
                </field>

                <div name="options" position="inside">
                    <div>
                        <field name="is_tower"/>
                        <label for="is_tower"/>
                    </div>
                    <div>
                        <field name="is_penalty"/>
                        <label for="is_penalty"/>
                    </div>


                </div>
                <xpath expr="//page[@name='general_information']" position='after'>
                    <page name="tower_info" string="Tower Info" attrs="{'invisible' : [('is_tower', '=', False)]}">
                        <group string="Info">
                            <group>
                                <field name="tower_height"/>
                                <field name="basic_wind_speed"/>
                                <field name="tower_legs"/>
                                <field name="epa_load_applied"/>

                            </group>
                            <group>
                                <field name="epa_capacity"/>
                                <field name="expos_cat"/>
                                <field name="three_m_exten"/>


                            </group>
                        </group>

                        <group string="Costs">
                            <group>


                                <field name="equipment_cost"/>
                            </group>
                            <group>


                                <field name="service_cost"/>

                            </group>
                        </group>
                    </page>
                </xpath>

            </field>
        </record>

        <record id="product_category_prefix" model="ir.ui.view">
            <field name="name">Category Prefix</field>
            <field name="model">product.category</field>
            <field name="inherit_id" ref="product.product_category_form_view"/>
            <field name="arch" type="xml">
                <field name="parent_id" position="after">
                    <field name="code_prefix"/>
                </field>
            </field>
        </record>

        <record id="product_brand_action" model="ir.actions.act_window">
            <field name="name">Product Brand</field>
            <field name="res_model">product.brand</field>
            <field name="view_mode">tree,form</field>
        </record>
        <record id="product_brand_view" model="ir.ui.view">
            <field name="name">Product Brand</field>
            <field name="model">product.brand</field>
            <field name="arch" type="xml">
                <form>
                    <sheet>
                        <field name="brand_image" widget="image" class="oe_avatar"/>
                        <div class="oe_title">
                            <label for="name" class="oe_edit_only" string="Brand Name"/>
                            <h1>
                                <field name="name"/>
                            </h1>
                            <div name="options_active"/>
                        </div>
                        <group>
                            <field name="product_count" style="width:40px;"/>
                        </group>


                        <notebook>
                            <page string="Products">
                                <field name="member_ids" widget="many2many" options="{'not_delete': True}">
                                    <kanban quick_create="false" create="true" delete="true">
                                        <field name="id"/>
                                        <field name="name"/>
                                        <templates>
                                            <t t-name="kanban-box">
                                                <div class="oe_kanban_global_click" style="max-width: 200px">
                                                    <div class="o_kanban_record_top">
                                                        <img t-att-src="kanban_image('product.template', 'image_128', record.id.raw_value)"
                                                             class="oe_avatar oe_kanban_avatar_smallbox o_image_40_cover mb0"
                                                             alt="Avatar"/>
                                                        <div class="o_kanban_record_headings ml8">
                                                            <strong class="o_kanban_record_title">
                                                                <field
                                                                        name="name"/>
                                                            </strong>
                                                        </div>
                                                    </div>
                                                </div>
                                            </t>
                                        </templates>
                                    </kanban>
                                </field>
                            </page>
                        </notebook>
                    </sheet>
                </form>
            </field>
        </record>

        <record id="brand_group_by" model="ir.ui.view">
            <field name="name">product.template.search.inherit</field>
            <field name="model">product.template</field>
            <field name="inherit_id" ref="product.product_template_search_view"/>
            <field name="arch" type="xml">
                <xpath expr="//search" position="inside">
                    <filter string="Brand" name="Brand" context="{'group_by':'brand_id'}"/>
                </xpath>
            </field>
        </record>

        <menuitem id="product_brand_inventory"
                  name="Product Brands"
                  action="product_brand_action"
                  parent="stock.menu_stock_inventory_control"
                  sequence="2"/>


        <record id="product_normal_action_penalty" model="ir.actions.act_window">
            <field name="name">Penaltys</field>
            <field name="type">ir.actions.act_window</field>
            <field name="res_model">product.template</field>
            <field name="view_mode">kanban,tree,form,activity</field>
            <field name="context">{"default_is_penalty":1,"default_type":"service"}</field>
            <field name="domain">[('is_penalty', '=', True)]</field>

            <field name="search_view_id" ref="product.product_template_search_view"/>
            <field name="view_id" eval="False"/> <!-- Force empty -->
            <field name="help" type="html">
                <p class="o_view_nocontent_smiling_face">
                    No product found. Let's create one!
                </p>
                <p>
                    You must define a product for penalties.
                </p>
            </field>
        </record>


            <record id="product_normal_action_towers" model="ir.actions.act_window">
            <field name="name">Tower's</field>
            <field name="type">ir.actions.act_window</field>
            <field name="res_model">product.template</field>
            <field name="view_mode">kanban,tree,form,activity</field>
            <field name="context">{"default_is_tower":1,"default_type":"product","default_tracking":"lot"}</field>
            <field name="domain">[('is_tower', '=', True)]</field>

            <field name="search_view_id" ref="product.product_template_search_view"/>
            <field name="view_id" eval="False"/> <!-- Force empty -->
            <field name="help" type="html">
                <p class="o_view_nocontent_smiling_face">
                    No product found. Let's create one!
                </p>
                <p>
                    You must define a product for Towers.
                </p>
            </field>
        </record>

        <!-- Product menu-->
        <menuitem name="Penaltys" id="menu_penalty_products" action="product_normal_action_penalty"
                  parent="kg_purchase.menu_kg_purchase_master" sequence="30"/>

       <menuitem id="menu_towers" name="Tower Models" parent="planning_menu_masters"
                  action="product_normal_action_towers"
                  sequence="7"/>
    </data>
</odoo>