<?xml version="1.0" encoding="utf-8"?>
<odoo>
    <data>

        <!-- Inherit Form View to Modify it -->
        <record id="inherit_project_task" model="ir.ui.view">
            <field name="name">Project Task Inherit</field>
            <field name="model">project.task</field>
            <field name="inherit_id" ref="project.view_task_form2"/>
            <field name="arch" type="xml">

                <xpath expr='//div[@name="button_box"]' position='inside'>
                    <button type="object" name="show_operator_project_expenses"
                            class="oe_stat_button" icon="fa-book">
                        <field name="op_exp_count" string="Operator Expenses" widget="statinfo"/>
                    </button>
                    <button type="object" name="show_contractor_project_expenses"
                            class="oe_stat_button" icon="fa-book">
                        <field name="con_exp_count" string="Contractor Expenses" widget="statinfo"/>
                    </button>
                    <button type="object" name="show_owner_project_expenses"
                            class="oe_stat_button" icon="fa-book">
                        <field name="ow_exp_count" string="owner Expenses" widget="statinfo"/>
                    </button>
                </xpath>
                <xpath expr="//field[@name='date_deadline']" position="attributes">
                    <attribute name="required">1</attribute>

                </xpath>

                <xpath expr="//field[@name='date_deadline']" position="before">
                    <field name="proposed_date_deadline"/>
                </xpath>
                <xpath expr="//group[1]" position="after">
                    <group string="Tower Management">


                        <group>
                            <field name="assign" invisible="1" />
                            <field name="asign_status" invisible="1"/>
                            <field name="department_id"/>
                            <field name="sequence"/>
                            <field name="work_flow"/>
                            <field name="progress_level"/>
                            <field name="milestone_percent"/>
                            <field name="attach_mandatory" invisible="1"/>

                        </group>

                        <group>
                            <field name="ring_request_id"/>
                            <field name="weight"/>
                            <field name="completion_task"/>
                            <field name="gf_construction"/>
                            <field name="collacation"/>
                            <field name="roof_top"/>
                        </group>
                        <!-- Add your fields or attributes here -->
                    </group>
                </xpath>

                <xpath expr="//button[@name='action_assign_to_me']" position="after">
                    <button name="action_confirm" string="Confirm" type="object" class="oe_highlight"
                            attrs="{'invisible': [('stage_id','=', %(kg_tower.task_stage_confirmed)d)]}"/>
                </xpath>
                <!--                <xpath expr="//field[@name='stage_id']" position="after">-->
                <!--                    <field name="state" widget="statusbar" statusbar_visible="draft,confirm"/>-->
                <!--                </xpath>-->

            </field>
        </record>
    </data>
</odoo>