<?xml version="1.0" encoding="utf-8"?>
<odoo>
    <data>

        <!-- Inherit Form View to Modify it -->
        <record id="inherit_project_project" model="ir.ui.view">
            <field name="name">Project Inherit</field>
            <field name="model">project.project</field>
            <field name="inherit_id" ref="project.edit_project"/>
            <field name="arch" type="xml">

                <xpath expr='//div[@name="button_box"]' position='inside'>
                    <button type="object" name="show_invoices"
                            class="oe_stat_button" icon="fa-book">
                        <field name="inv_count" string="Invoices" widget="statinfo"/>
                    </button>

                    <button type="object" name="show_in_invoices"
                            class="oe_stat_button" icon="fa-book">
                        <field name="vendor_inv_count" string="Vendor Invoices" widget="statinfo"/>
                    </button>

                    <button type="object" name="show_tower_invoices"
                            class="oe_stat_button" icon="fa-book">
                        <field name="tower_inv_count" string="Tower Invoices" widget="statinfo"/>
                    </button>

                    <button type="object" name="show_create_vendor_bills"
                            class="oe_stat_button" icon="fa-book">
                        <field name="bill_count" string="Bills" widget="statinfo"/>
                    </button>

                    <button type="object" name="show_pac"
                            class="oe_stat_button" icon="fa-book">
                        <field name="pac_count" string="PAC" widget="statinfo"/>
                    </button>

                    <button type="object" name="show_contractor_expense"
                            class="oe_stat_button" icon="fa-book">
                        <field name="contractor_expense_count" string="Contractor Expense" widget="statinfo"/>
                    </button>

                    <button type="object" name="show_owner_rent_expense"
                            class="oe_stat_button" icon="fa-book">
                        <field name="owner_rent_expense_count" string="Owner Rent Expense" widget="statinfo"/>
                    </button>

                </xpath>
                <xpath expr="//header" position="inside">
                    <button name="mark_complete" string="Mark Project as Completed" type="object" class="oe_highlight"
                            attrs="{'invisible': ['|',('is_completed', '=', True),('pac_count', '=', 0)]}"/>
                    <button name="create_pac" string="Issue PAC" type="object" class="oe_highlight"
                            attrs="{'invisible': [('pac_count', '>', 0)]}"/>
                    <button name="action_create_invoice" string="Create Invoice" type="object" class="oe_highlight"
                            attrs="{'invisible': [('milestone_ids', '=', True)]}"/>
                </xpath>
                <xpath expr='//div[@name="button_box"]' position='after'>
                    <widget name="web_ribbon" title="Completed"
                            attrs="{'invisible': [('is_completed', '!=', True)]}"/>
                </xpath>
                <xpath expr="//field[@name='partner_id']" position="after">

                    <field name="vendor_id"/>
                    <field name="srr_id"/>
                    <field name="work_order_id"/>
                    <field name="structure_type_id" readonly="1"/>
                    <field name="stock_order_id" readonly="1"/>
                    <field name="payment_term_id" readonly="1"/>
                    <field name="inventory_location"/>
                    <field name="internal_transfer_picking_id"/>

                </xpath>

                <xpath expr="//field[@name='allowed_portal_user_ids']" position="after">

                    <field name="work_order_value" groups="base.group_no_one"/>
                    <field name="temp_wo_value"/>
                    <field name="vo_value"/>
                    <field name="addt_exp_value"/>
                    <field name="total_amount_paid"/>
                    <field name="total_work_order_value"/>
                    <field name="invoiced_amount"/>
                    <field name="balance_amount"/>

                </xpath>
                <xpath expr="//div[@name='options_active']" position="before">
                    <div>
                        <label for="number" string="Reference" class="oe_edit_only"/>
                        <h3>
                            <field name="number"/>
                        </h3>
                    </div>

                    <div>
                        <label for="site_id" string="Site"/>
                        <h3>
                            <field name="site_id" required="1"/>
                        </h3>

                        <label for="is_completed" string="Completed"/>
                        <h3>
                            <field name="is_completed" widget="boolean_toggle"/>
                        </h3>
                    </div>


                </xpath>
                <xpath expr="//page[@name='description_page']" position="after">
                    <page name="project_tenant_detail_ids" string="Tenant Details">
                        <field name="project_tenant_detail_ids">
                            <tree editable="bottom">
                                <field name="sequence" widget="handle"/>

                                <field name="name" required="1"/>
                                <field name="partner_id" required="1" domain="[('operator','=',True)]"/>
                                <field name="rfi_notice_id"
                                       domain="[('partner_id','=',partner_id),('project_id','=',parent.id)]"/>
                                <field name="scd_date"/>
                                <field name="discount_percent"/>


                            </tree>
                        </field>
                    </page>
                    <!--    """field added for excel importing..........***sumayya***********"""                 -->
                    <!--                    <page name="project_contractors" string="Project Contractors">-->
                    <!--                        <field name="project_contractor_ids">-->
                    <!--                            <tree editable="bottom">-->
                    <!--                                <field name="partner_id"/>-->
                    <!--                                <field name="wo_value"/>-->
                    <!--                                <field name="variation_o_value"/>-->
                    <!--                                <field name="contract_no"/>-->
                    <!--                            </tree>-->
                    <!--                        </field>-->
                    <!--                    </page>-->
                    <page name="project_expenses" string="Expenses">
                        <field name="project_expenses">
                            <tree editable="bottom">
                                <field name="name"/>
                                <field name="expense_type"/>
                                <field name="start_date"/>
                                <field name="end_date" invisible="1"/>
                                <field name="fees"/>
                                <field name="project_id" invisible="1"/>
                                <field name="task_id" domain="[('project_id','=',parent.id)]"/>
                                <field name="tower_invoice_id" readonly="1"/>
                                <button name="action_create_expense" type="object" string="Crate Bill"
                                        class="oe_highlight"/>
                                <field name="invoice_id" optional="hide" readonly="1"/>
                            </tree>
                        </field>
                        <field name="expense_ids" readonly="1"/>
                    </page>
                    <page name="tswo" string="TSWO">
                        <field name="tswo_ids">
                            <tree create="false" editable="top">
                                <field name="tswo_id" readonly="1"/>
                                <field name="pac_id" readonly="0"/>
                                <field name="ins_tracker_id" readonly="0"/>
                                <field name="partner_id"/>
                            </tree>
                        </field>
                    </page>
                    <page name="milestone" string="Milestone">
                        <field name="milestone_ids">
                            <tree editable="bottom">
                                <field name="milestone_no" force_save="1"/>
                                <field name="milestone" force_save="1" readonly="0"/>
                                <field name="milestone_per" force_save="1" readonly="0" string="Milestone %"
                                       widget="percentage"/>
                                <field name="project_id" invisible="1"/>
                                <field name="milestone_task_id" domain="[('project_id','=', project_id),
                                 ('milestone_task', '=', True)]" options="{'no_create': True}"/>
                                <field name="move_id" readonly="1" force_save="1" string="Invoice"/>
                                <field name="tswo" force_save="1" readonly="1" optional="hide"/>
                                <field name="invoicing_date"/>

                            </tree>
                        </field>
                    </page>
                    <page name="variation_order" string="Variation Order">
                        <field name="vo_ids">
                            <tree create="false">
                                <field name="name"/>
                                <field name="description"/>
                                <field name="partner_id"/>
                                <field name="amount_total" sum="Amount Total" digits="[12,3]"/>
                            </tree>
                        </field>
                    </page>

                    <page name="project_addt_resources" string="Additional Resources">
                        <field name="project_addt_resources">
                            <tree editable="bottom">
                                <field name="name" required="1"/>
                                <field name="job_id" required="1"/>
                                <field name="hours"/>

                            </tree>
                        </field>
                    </page>
                </xpath>
                <xpath expr="//field[@name='description']" position="after">
                    <field name="task_status" nolabel="1" widget="html"/>
                </xpath>

            </field>
        </record>


        <record id="project_expense_tree_view" model="ir.ui.view">
            <field name="name">Project Expense Link</field>
            <field name="model">project.expense.lines</field>
            <field name="arch" type="xml">
                <tree editable="bottom">
                    <field name="name"/>
                    <field name="expense_type"/>
                    <field name="start_date"/>
                    <field name="end_date" invisible="1"/>
                    <field name="fees"/>
                    <field name="project_id" invisible="1"/>
                    <field name="task_id" invisible="1" domain="[('project_id','=',project_id)]"/>
                    <field name="tower_invoice_id" readonly="1"/>
                </tree>
            </field>
        </record>

        <record id="inherit_project_project_tree" model="ir.ui.view">
            <field name="name">Project Inherit Tree</field>
            <field name="model">project.project</field>
            <field name="inherit_id" ref="project.view_project"/>
            <field name="arch" type="xml">
                <xpath expr="//field[@name='name']" position="before">

                    <field name="number" string="Reference" class="font-weight-bold"/>

                </xpath>
            </field>
        </record>

        <record id="inherit_project_project_kanban" model="ir.ui.view">
            <field name="name">Project Inherit kanban</field>
            <field name="model">project.project</field>
            <field name="inherit_id" ref="project.view_project_kanban"/>
            <field name="arch" type="xml">
                <xpath expr="//field[@name='name']" position="after">

                    <field name="number"/>

                </xpath>

                <xpath expr="//t[@t-esc='record.name.value']" position="before">
                    <t t-esc="record.number.value"/>
                    -
                </xpath>
            </field>
        </record>


        <record id="expense_type_action" model="ir.actions.act_window">
            <field name="name">Expense Type</field>
            <field name="type">ir.actions.act_window</field>
            <field name="res_model">expense.type</field>
            <field name="view_mode">tree,form</field>
            <field name="help" type="html">
                <p class="oe_view_nocontent_create">
                    There is no examples click here to add new Expenses.
                </p>
            </field>
        </record>


        <menuitem id="expense_type_menu" name="Expense Types" parent="work_order_conf"
                  action="expense_type_action"
                  sequence="20"/>

        <menuitem id="main_acceptance_menu" name="Acceptance Certificate" parent="project.menu_main_pm"
                  sequence="3"/>

        <record id="action_account_asset_pac_prj" model="ir.actions.act_window">
        <field name="res_model">account.asset.pac</field>
        <field name="name">Preliminary Acceptance Certificate</field>
        <field name="view_mode">tree,form</field>
        <field name="help" type="html">
            <p class="o_view_nocontent_smiling_face">
                Create an PAC
            </p>
        </field>
        </record>

        <menuitem action="action_account_asset_pac_prj" id="menu_action_account_asset_pac_prj"
              parent="main_acceptance_menu"
              name="Preliminary Acceptance Certificate" sequence="10"/>


            <record id="action_account_asset_fac_prj" model="ir.actions.act_window">
                <field name="res_model">account.asset.fac</field>
                <field name="name">Final Acceptance Certificate</field>
                <field name="view_mode">tree,form</field>
                <field name="help" type="html">
                    <p class="o_view_nocontent_smiling_face">
                        Create an FAC
                    </p>
                </field>
            </record>

        <menuitem action="action_account_asset_fac_prj" id="menu_action_account_asset_fac_prjct"
              parent="main_acceptance_menu"
              name="Final Acceptance Certificate" sequence="150"/>
    </data>
</odoo>