<?xml version="1.0" encoding="utf-8"?>
<odoo>
    <data>

        <record id="purchase_order_form_inherit_kg_tower" model="ir.ui.view">
            <field name="name">purchase.order.form.inherit.kg.tower</field>
            <field name="model">purchase.order</field>
            <field name="inherit_id" ref="purchase.purchase_order_form"/>
            <field name="arch" type="xml">
                <field name="picking_type_id" position="before">
                    <field name="vendor_contractor_id" domain="[('contractor', '=', True)]"/>
                </field>
                <button name="button_unlock" position="after">
                    <button name="button_create_contract" type="object" string="Create Contract" groups="purchase.group_purchase_manager" attrs="{'invisible':['|', ('contract_count', '>', 0), ('state', 'not in', ('purchase','done'))]}"/>
                </button>
                <button name="action_view_invoice" position="after">
                    <button type="object" name="action_view_contract" class="oe_stat_button" icon="fa-pencil-square-o" attrs="{'invisible':['|', ('contract_count', '=', 0), ('state', 'not in', ('purchase','done'))]}">
                        <field name="contract_count" widget="statinfo" string="Contracts"/>
                    </button>
                </button>
            </field>
        </record>
    </data>

</odoo>