<?xml version="1.0" encoding="utf-8"?>
<odoo>
    <data>
        <record id="res_config_settings_view_form_inherit" model="ir.ui.view">
            <field name="name">res.config.settings.view.form.inherit.kg_tower</field>
            <field name="model">res.config.settings</field>
            <field name="priority" eval="40"/>
            <field name="inherit_id" ref="base.res_config_settings_view_form"/>
            <field name="arch" type="xml">
                <xpath expr="//div[hasclass('settings')]" position="inside">
                    <div class="app_settings_block" data-string="Operations" string="Operations" data-key="kg_tower">
                    <h2>Payment Approval</h2>
                    <div class="row mt16 o_settings_container">
                        <div class="col-12 col-lg-6 o_setting_box" title="Enables approval feature in payments."
                             groups="account.group_account_manager">
                            <div class="o_setting_left_pane">
                                <field name="payment_approval"/>
                            </div>
                            <div class="o_setting_right_pane">
                                <label for="payment_approval"/>
                                <div class="text-muted">
                                    Enable to bring the approval in the payment.
                                    Only account managers can approve the request.
                                </div>

                                <div class="content-group" attrs="{'invisible': [('payment_approval', '=', False)]}">
                                    <div class="row">
                                        <label string="Amount" for="approval_amount"
                                               class="col-lg-3 o_light_label"/>
                                        <field name="approval_amount"
                                               attrs="{'required': [('payment_approval', '=', True)]}"/>
                                    </div>

                                </div>
                            </div>
                        </div>
                    </div>

                    <h2>SRR</h2>
                    <div class="row mt16 o_settings_container" name="srr_charge_settings_container">
                        <div class="col-12 col-lg-6 o_setting_box" id="srr_charge_setting">
                            <div class="o_setting_left_pane"/>
                            <div class="o_setting_right_pane">
                                <span class="o_form_label">Ring Request Product</span>
                                <div class="text-muted">
                                    Ring Request Survey Product.
                                </div>
                                <div class="content-group">
                                    <div class="row mt16">
                                        <label for="srr_product_id" class="col-lg-3 o_light_label"/>
                                        <field name="srr_product_id"/>
                                    </div>
                                </div>
                            </div>
                        </div>
                        <div class="col-12 col-lg-6 o_setting_box" id="srr_charge_setting">
                            <div class="o_setting_left_pane"/>
                            <div class="o_setting_right_pane">
                                <span class="o_form_label">Ring Request Charge</span>
                                <div class="text-muted">
                                    Ring Request Survey Charge.
                                </div>
                                <div class="content-group">
                                    <div class="row mt16">
                                        <label for="srr_charge" class="col-lg-3 o_light_label"/>
                                        <field name="srr_charge"/>
                                    </div>
                                </div>
                            </div>
                        </div>
                    </div>

                    <h2>Owner Expense</h2>
                    <div class="row mt16 o_settings_container" name="expense_charge_settings_container">
                        <div class="col-12 col-lg-6 o_setting_box" id="expense_charge_setting">
                            <div class="o_setting_left_pane"/>
                            <div class="o_setting_right_pane">
                                <span class="o_form_label">Owner Expense Product</span>
                                <div class="text-muted">
                                    Owner Expense Product.
                                </div>
                                <div class="content-group">
                                    <div class="row mt16">
                                        <label for="expense_product_id" class="col-lg-3 o_light_label"/>
                                        <field name="expense_product_id"/>
                                    </div>
                                </div>
                            </div>
                        </div>
                    </div>

                    <h2>Penalty</h2>
                    <div class="row mt16 o_settings_container" name="penalty_settings_container">
                        <div class="col-12 col-lg-6 o_setting_box" id="penalty_settings">
                            <div class="o_setting_left_pane"/>
                            <div class="o_setting_right_pane">
                                <span class="o_form_label">Penalty</span>
                                <div class="text-muted">
                                    Penalty Percentage for Customer Invoices
                                </div>
                                <div class="content-group">
                                    <div class="row mt16">
                                        <label for="penalty_percent" class="col-lg-3 o_light_label"/>
                                        <field name="penalty_percent"/>
                                    </div>
                                </div>
                            </div>
                        </div>
                    </div>
                    <h2>Grace Period</h2>
                    <div class="row mt16 o_settings_container" name="grace_period_settings_container">
                        <div class="col-12 col-lg-6 o_setting_box" id="grace_period_setting">
                            <div class="o_setting_left_pane"/>
                            <div class="o_setting_right_pane">
                                <span class="o_form_label">Grace Period</span>
                                <div class="text-muted">
                                    Grace Period for Customer Invoices
                                </div>
                                <div class="content-group">
                                    <div class="row mt16">
                                        <label for="grace_period" class="col-lg-3 o_light_label"/>
                                        <field name="grace_period"/>
                                    </div>
                                </div>
                            </div>
                        </div>
                    </div>

                     <h2>Max Tenants</h2>
                    <div class="row mt16 o_settings_container" name="max_tenants_settings_container">
                        <div class="col-12 col-lg-6 o_setting_box" data-key="kg_tower" id="max_tenants_settings">
                            <div class="o_setting_left_pane"/>
                            <div class="o_setting_right_pane">
                                <span class="o_form_label">Max Tenants</span>
                                <div class="text-muted">
                                    Maximum Tenants allowed in a Project
                                </div>
                                <div class="content-group">
                                    <div class="row mt16">
                                        <label for="max_tenants" class="col-lg-3 o_light_label"/>
                                        <field name="max_tenants"/>
                                    </div>
                                </div>
                            </div>
                        </div>
                    </div>
                </div>
                </xpath>
            </field>
        </record>



        <record id="action_kg_tower_config_settings" model="ir.actions.act_window">
            <field name="name">Settings</field>
            <field name="type">ir.actions.act_window</field>
            <field name="res_model">res.config.settings</field>
            <field name="view_mode">form</field>
            <field name="target">inline</field>
            <field name="context">{'module': 'kg_tower'}</field>
        </record>

        <menuitem id="menu_kg_tower_config" name="Settings" parent="kg_tower.work_order_conf"
                  action="action_kg_tower_config_settings" sequence="-150"/>


        <record id="res_config_settings_kg_asset_view_form" model="ir.ui.view">
            <field name="name">res.config.settings.view.form.inherit.kg.asset</field>
            <field name="model">res.config.settings</field>
            <field name="priority" eval="31"/>
            <field name="inherit_id" ref="base.res_config_settings_view_form"/>
            <field name="arch" type="xml">
                <xpath expr="//div[hasclass('settings')]" position="inside">
                    <div class="app_settings_block" data-string="Asset" data-key="kg_asset">
                        <h2> Operational Asset Accounts</h2>
                            <div class="row mt16 o_settings_container" name="vendor_registration_setting_container">
                                <div class="col-12 col-lg-6 o_setting_box"
                                     title="">
                                    <div class="o_setting_left_pane"/>
                                    <div class="o_setting_right_pane">
                                        <div class="content-group">
                                            <div class="mt4">
                                                <label for="asset_account_fixed_asset_id"/>
                                                <field name="asset_account_fixed_asset_id"/>
                                            </div>
                                            <div class="mt4">
                                                <label for="asset_account_depreciation_id"/>
                                                <field name="asset_account_depreciation_id"/>
                                            </div>
                                            <div class="mt4">
                                                <label for="asset_account_depreciation_expense_id"/>
                                                <field name="asset_account_depreciation_expense_id"/>
                                            </div>
                                            <div class="mt4">
                                                <label for="asset_journal_id"/>
                                                <field name="asset_journal_id"/>
                                            </div>
                                            <div class="mt4">
                                                <label for="account_asset_counterpart_id"/>
                                                <field name="account_asset_counterpart_id"/>
                                            </div>
                                        </div>
                                    </div>
                                </div>
                            </div>
                    </div>
                </xpath>

            </field>
        </record>

        <record id="action_kg_opr_asset_config" model="ir.actions.act_window">
            <field name="name">Settings</field>
            <field name="type">ir.actions.act_window</field>
            <field name="res_model">res.config.settings</field>
            <field name="view_mode">form</field>
            <field name="target">inline</field>
            <field name="context">{'module': 'kg_asset'}</field>
        </record>

        <menuitem id="menu_kg_opr_asset_config" name="Settings" parent="otc_assets.menu_asset_configuration"
                  action="action_kg_opr_asset_config" sequence="1"/>


    </data>
</odoo>