<?xml version="1.0" encoding="utf-8"?>
<odoo>
    <data>
        <record id="tower_history_tree" model="ir.ui.view">
            <field name="name">tower.history.tree</field>
            <field name="model">stock.production.lot</field>
            <field name="arch" type="xml">
                <tree string="Tower History" create="false" delete="false">
                    <field name="product_id"/>
                    <field name="name"/>
                    <field name="project_id"/>
                    <field name="contractor_id"/>
                    <field name="client_site_id"/>
                    <field name="location_id"/>
                    <field name="state"/>
                    <field name="order_type"/>

                </tree>
            </field>
        </record>

        <record id="tower_history_search" model="ir.ui.view">
            <field name="name">tower.history.search</field>
            <field name="model">stock.production.lot</field>
            <field name="arch" type="xml">
                <search string="Search Tower History">
                    <field name="state"/>
                    <field name="project_id"/>
                    <field name="contractor_id"/>
                    <separator/>
                    <field name="client_site_id"/>
                    <field name="location_id"/>
                    <field name="product_id"/>
                    <separator/>
                    <filter string="Available" name="available" domain="[('state', '=', 'available')]"/>

                    <filter string="Assigned" name="assigned" domain="[('state', '=', 'assigned')]"/>
                    <separator/>
                    <group expand="0" string="Group By...">
                        <filter string="By Location" icon="terp-personal" name="by_location"
                                domain="[]"
                                context="{'group_by':'location_id'}"/>
                        <filter string="Status" icon="terp-personal" name="status_by"
                                domain="[]"
                                context="{'group_by':'state'}"/>
                        <filter string="By Contractor" name="by_contra" icon="terp-go-month" domain="[]"
                                context="{'group_by':'contractor_id'}"/>
                    </group>
                </search>
            </field>
        </record>


        <record id="tower_history_action" model="ir.actions.act_window">
            <field name="name">Tower Stock Inventory</field>
            <field name="type">ir.actions.act_window</field>
            <field name="res_model">stock.production.lot</field>
            <field name="view_mode">tree</field>
            <field name="view_id" ref="tower_history_tree"/>
            <field name="search_view_id" ref="tower_history_search"/>


        </record>

        <menuitem id="menu_tower_history_action" name="Tower Stock Inventory" parent="planning_menu_reports"
                  action="tower_history_action"
                  sequence="30"/>

        <menuitem id="menu_stock_updates" name="Stock Updates" parent="work_order_commercial" sequence="10"/>


        <record id="production_lot_inherit_kg_tower" model="ir.ui.view">
            <field name="name">production.lot.form.inherit.kg.tower</field>
            <field name="model">stock.production.lot</field>
            <field name="inherit_id" ref="stock.view_production_lot_form"/>
            <field name="arch" type="xml">

                <!--                        <field name="ref" position="before">-->
                <!--                            <field name="project_id" readonly="1"/>-->
                <!--                            <field name="state" readonly="1"/>-->
                <!--                        </field>-->
                <field name="ref" position="after">
                    <field name="order_type"/>
                    <field name="stock_order_id"/>
                    <field name="supplier_imp_id"/>
                    <field name="payment_term_id"/>

                </field>

            </field>
        </record>
    </data>
</odoo>
