<?xml version="1.0" encoding="utf-8"?>
<odoo>
    <data>

        <record id="stock_picking_inherit_kg_tower" model="ir.ui.view">
            <field name="name">stock.picking.form.inherit.kg.tower</field>
            <field name="model">stock.picking</field>
            <field name="inherit_id" ref="stock.view_picking_form"/>
            <field name="arch" type="xml">
                <xpath expr="//group[@name='other_infos']" position="inside">
                    <field name="project_id"/>
                    <field name="site_acq_id" domain="[('project_id', '=', project_id)]"/>
                </xpath>
            </field>
        </record>
    </data>
</odoo>