<?xml version="1.0" encoding="utf-8"?>
<odoo>
    <data>

        <record id="task_list_cat_view_tree" model="ir.ui.view">
            <field name="name">task.list.category.tree</field>
            <field name="model">task.list.category</field>
            <field name="arch" type="xml">
                <tree string="Task List Category">
                    <field name="name"/>
                    <field name="description"/>

                </tree>
            </field>
        </record>


        <record id="task_list_cat_view_form" model="ir.ui.view">
            <field name="name">task.list.category.form</field>
            <field name="model">task.list.category</field>
            <field name="arch" type="xml">
                <form string="Task List Category">
                    <sheet>
                        <group string="Task Category">
                            <group>
                                <field name="name"/>
                                <field name="description"/>
                            </group>
                        </group>
                    </sheet>
                </form>
            </field>
        </record>


        <record id="action_task_list_cat" model="ir.actions.act_window">
            <field name="name">Task List Category</field>
            <field name="type">ir.actions.act_window</field>
            <field name="res_model">task.list.category</field>
            <field name="view_mode">tree,form</field>
            <field name="help" type="html">
                <p class="oe_view_nocontent_create">
                    There is no Task List Category, click here to add new Category.
                </p>
            </field>

        </record>

        <menuitem id="menu_task_list_cat" parent="menu_tasks" name="Task List Category"
                  action="action_task_list_cat" sequence="4"/>


    </data>
</odoo>
