<?xml version="1.0" encoding="utf-8"?>
<odoo>
    <data>

        <!-- Inherit Form View to Modify it -->
        <record id="inherit_tender_view" model="ir.ui.view">
            <field name="name">Tender Inherit</field>
            <field name="model">kg.purchase.tender</field>
            <field name="inherit_id" ref="kg_purchase.view_kg_purchase_tender_form"/>
            <field name="arch" type="xml">
                <xpath expr="//div[@name='button_box']" position="inside">
                    <button string="Contracts" name="action_view_contract_pricelists" type="object"
                            class="oe_stat_button"
                            icon="fa-print"/>
                </xpath>

            </field>
        </record>
    </data>
</odoo>