<?xml version="1.0" encoding="utf-8"?>
<odoo>
    <data>

        <record id="site_acquisition_view_tree_assets" model="ir.ui.view">
            <field name="name">site_acquisition_view_tree_assets</field>
            <field name="model">site.acquisition</field>
            <field name="arch" type="xml">
                <tree string="Site Acquisition Assets" create="false">
                    <field name="name"/>
                    <field name="saq_status"/>
                    <field name="client_site_id"/>
                    <field name="structure_type_id"/>
                    <field name="tower_height"/>
                    <field name="nswo_id"/>
                    <field name="state"/>
                </tree>
            </field>
        </record>

        <!--      View form SAQ in the Assets  -->
        <record id="site_acquisition_view_form_assets" model="ir.ui.view">
            <field name="name">site_acquisition_view_form_assets</field>
            <field name="model">site.acquisition</field>
            <field name="arch" type="xml">
                <form string="Site Acquisition" create="false">
                    <sheet>
                        <div class="oe_button_box" name="button_box">
                            <button type="object" name="show_tower_transfer"
                                    class="oe_stat_button" icon="fa-book">
                                <field name="tower_transfer_count" string="Transfer Request"
                                       widget="statinfo"/>
                            </button>
                            <button type="object" name="show_internal_transfer"
                                    class="oe_stat_button" icon="fa-book">
                                <field name="stock_transfer_count" string="Tower Transfers"
                                       widget="statinfo"/>
                            </button>
                        </div>
                        <div class="oe_title">
                            <h1>
                                <field name="name" placeholder="Reference" readonly="1"/>
                            </h1>
                        </div>
                        <group string="Order Information">
                            <group>
                                <field name="partner_id"/>
                                <field name="owner_id" required="1"/>
                                <field name="client_work_order_no"/>
                                <field name="nswo_id"/>
                                <field name="srr_id"/>
                                <field name="existing_site"/>
                                <field name="current_task_status" readonly="1"/>
                                <field name="current_task_id" readonly="0"/>

                            </group>
                            <group>
                                <field name="project_id" readonly="1"/>
                                <field name="structure_type_id"
                                       readonly="0"/>

                                <field name="client_site_id" readonly="0"/>
                                <field name="tower_id" string="Tower" domain="[('is_tower', '=', True)]"/>
                                <field name="contractor_id" required="0"/>
                            </group>

                        </group>


                        <group>
                            <group>
                                <field name="wilayat_id"/>
                                <field name="saq_status"/>
                                <field name="extract_permit_actual"/>
                                <field name="three_m_exten"/>
                                <field name="anchor_bolt_status"/>


                            </group>
                            <group>
                                <field name="saq_eta"/>
                                <field name="model"/>
                                <field name="supplier_id"/>
                                <field name="tower_status"/>

                            </group>

                        </group>
                        <group>
                            <field name="remarks"/>
                        </group>

                    </sheet>
                </form>
            </field>
        </record>


        <record id="action_site_acquisition_assets" model="ir.actions.act_window">
            <field name="name">Site Acquisition</field>
            <field name="type">ir.actions.act_window</field>
            <field name="res_model">site.acquisition</field>
            <field name="view_mode">tree,form</field>
            <field name="view_ids"
                   eval="[(5, 0, 0),
                          (0, 0, {'view_mode': 'tree', 'view_id': ref('site_acquisition_view_tree_assets')}),
                          (0, 0, {'view_mode': 'form', 'view_id': ref('site_acquisition_view_form_assets')})]"/>
            <field name="help" type="html">
                <p class="oe_view_nocontent_create">
                    There is no SAQ click here to add new SAQ.
                </p>
            </field>

        </record>

        <!-- Following are the menu item list in the assets       -->
<!--        <menuitem parent="otc_assets.menu_asset_parent" id="menu_planning_assets" name="Planning" sequence="12"/>-->
<!--        <menuitem id="menu_tower_transfer_assets" name="Tower Transfer" parent="menu_planning_assets"-->
<!--                  action="tower_transfer_action" sequence="1"/>-->

<!--        <menuitem id="menu_stock_order_assets" name="Stock Order" parent="menu_planning_assets"-->
<!--                  action="kg_stock_order_action"-->
<!--                  sequence="2"/>-->

<!--        <menuitem id="menu_tower_history_assets" name="Tower Stock Inventory" parent="otc_assets.menu_asset_reporting"-->
<!--                  action="tower_history_action"-->
<!--                  sequence="4"/>-->

        <menuitem id="menu_saq_assets" parent="planning_menu" name="SAQ"
                  action="action_site_acquisition_assets" sequence="10"/>


    </data>
</odoo>