id,name,model_id:id,group_id:id,perm_read,perm_write,perm_create,perm_unlink

access_material_request_user,access.material.request.user,model_material_request,material_request.user_material_request,1,1,1,1
access_material_request_tree_user,access.material.request.tree.user,model_material_request_tree,material_request.user_material_request,1,1,1,1
access_vendor_wizard_user,access.vendor.wizard.user,model_vendor_wizard,material_request.user_material_request,0,0,0,0

access_material_request_manager,access.material.request.manager,model_material_request,material_request.manager_material_request,1,1,0,1
access_material_request_tree_manager,access.material.request.tree.manager,model_material_request_tree,material_request.manager_material_request,1,1,0,1
access_vendor_wizard_manager,access.vendor.wizard.manager,model_vendor_wizard,material_request.manager_material_request,0,0,0,0


access_material_request_head,access.material.request.head,model_material_request,material_request.head_material_request,1,1,0,1
access_material_request_tree_head,access.material.request.tree.head,model_material_request_tree,material_request.head_material_request,1,1,0,1
access_vendor_wizard_head,access.vendor.wizard.head,model_vendor_wizard,material_request.head_material_request,1,1,1,1