<odoo>
    <record model="ir.module.category" id="material_request">
        <field name="name">Material Request</field>
        <field name="description">Material Request</field>
    </record>
    <record id="user_material_request" model="res.groups">
        <field name="name">User</field>
        <field name="category_id" ref="material_request"/>
    </record>
    <record id="manager_material_request" model="res.groups">
        <field name="name">Manager</field>
        <field name="category_id" ref="material_request"/>
    </record>
    <record id="head_material_request" model="res.groups">
        <field name="name">Head</field>
        <field name="category_id" ref="material_request"/>
    </record>
</odoo>