id,name,model_id:id,group_id:id,perm_read,perm_write,perm_create,perm_unlink
access_book_details_manager,access.book.details.manager,model_book_details,book_details.reservation_manager_access,1,1,1,1
access_contacts_product_manager,access.contacts.product.manager,model_contacts_product,book_details.reservation_manager_access,1,1,1,1
access_contacts_product_line_manager,access.contacts.product.line.manager,model_contacts_product_line,book_details.reservation_manager_access,1,1,1,1
access_reservation_wizard_manager,access.reservation.wizard.manager,model_reservation_wizard,book_details.reservation_manager_access,1,1,1,1



access_book_details_user,access.book.details.user,model_book_details,book_details.reservation_user_access,1,1,1,1
access_contacts_product_user,access.contacts.product.user,model_contacts_product,book_details.reservation_user_access,1,1,1,1
access_contacts_product_line_user,access.contacts.product.line.user,model_contacts_product_line,book_details.reservation_user_access,1,1,1,1
access_reservation_wizard_user,access.reservation.wizard.user,model_reservation_wizard,book_details.reservation_user_access,1,1,1,1
