<odoo>
    <record model="ir.module.category" id="product_reservation">
        <field name="name">product reservation</field>
        <field name="description">Product Reservation</field>
        <field name="sequence">10</field>
    </record>
    <record id="reservation_user_access" model="res.groups">
        <field name="name">User</field>
        <field name="category_id" ref="product_reservation"/>
    </record>
    <record id="reservation_manager_access" model="res.groups">
        <field name="name">Manager</field>
        <field name="implied_ids" eval="[(4, ref('book_details.reservation_user_access'))]"/>
        <field name="category_id" ref="product_reservation"/>
    </record>
     <record model="ir.rule" id="reservation_product_rule">
            <field name="name">User can only see his / her Records </field>
            <field name="model_id" ref="model_contacts_product"/>
            <field name="domain_force">[('related_user_id','=',user.id)]</field>
        </record>

</odoo>