<?xml version="1.0" encoding="UTF-8"?>
<templates id="template" xml:space="preserve">

    <t t-name="PickupOrdersPage" owl="1">
        <div class="partnerlist-screen screen">
            <div class="full_width screen-content">
                <section class="top-content">
                    <span class='button highlight cancel' style="margin-left:16px;left: 0px;" t-on-click="back">
                        <i class='fa fa-angle-double-left'/>
                        Back
                    </span>
                    <h1 style="text-align: center;font-size: 21px;">Pickup Orders</h1>
                </section>
                 <section class="full-content">
                    <div class="window">
                        <div class="screen-full-width">
                        <div class="orders" style="width: 100%">
                            <div class="header-row" t-att-class="{ oe_hidden: env.isMobile }">
                                <div class="col">Order Ref</div>
                                 <div class="col">Customer</div>
                                <div class="col">Contact No</div>
                                <div class="col">Order Date</div>
                                <div class="col">Pickup Date</div>
                                <div class="col">Total Amount</div>
                                <div class="col" name="confirm_order"></div>
                            </div>
                            <t t-foreach="env.pos.booked_orders" t-as="order" t-key="order.id">
                                    <t t-if="order.pickup_date">
                                        <div class="order-row">
                                            <div class="col">
                                                <div t-if="env.isMobile">Order Ref</div>
                                                <div>
                                                    <t t-esc="order.name"/>
                                                </div>
                                            </div>
                                            <div class="col">
                                                <div t-if="env.isMobile">Customer</div>
                                                <div>
                                                    <t t-esc="order.partner_id[1]"/>
                                                </div>
                                            </div>
                                             <div class="col">
                                                <div t-if="env.isMobile">Contact No.</div>
                                                <div>
                                                    <t t-esc="order.phone"/>
                                                </div>
                                            </div>
                                            <div class="col">
                                                <div t-if="env.isMobile">Order Date.</div>
                                                <div>
                                                <t t-esc="order.date_quotation"/>
                                                </div>
                                            </div>
                                             <div class="col">
                                                <div t-if="env.isMobile">Pickup Date.</div>
                                                <div>
                                                <t t-esc="order.pickup_date"/>
                                                </div>
                                            </div>
                                            <div class="col">
                                                <div t-if="env.isMobile">Total Amount.</div>
                                                <div>
                                                <t t-esc="order.amount_total"/>
                                                </div>
                                            </div>
                                            <div class="col">
                                                <button class="confirm-button" name="confirm_order" id="confirm_order" t-on-click="posconfirm" t-att-order="order.id" style="background-color: #0ec280; color: black;"> Confirm POS Order </button>
                                            </div>
                                        </div>
                                    </t>
                            </t>
                        </div>
                        </div>
                    </div>
                 </section>
            </div>
        </div>
    </t>
</templates>