<?xml version="1.0" encoding="UTF-8"?>
<templates id="template" xml:space="preserve">

    <t t-name="BookOrder" owl="1">
        <div class="control-button">
            <span class="control-button-number">
            <t t-esc="this.booked_order_count()"/>
            </span>
            <span> </span>
            <span>Booked Orders</span>
        </div>
    </t>

    <t t-name="BookedPageScreen" owl="1">
        <div class="partnerlist-screen screen">
            <div class="full_width screen-content">
                <section class="top-content">
                     <span class='button highlight back' t-on-click="back">
                        <i class='fa fa-angle-double-left'/>
                         Back
                    </span>
                    <span class='searchbox' style="right: 0 !important;margin-right:5;">
                        <input placeholder='Search Order Ref'/>
                        <span class='search-clear'/>
                    </span>
                    <span class='button pickup' t-on-click="pickup" style="right: 310px;font-size: 14px;margin-left: 0;border-radius: 30px;
                    line-height: 28px;top: 3px;background-color: #393939;color: #fff;border-color: #cecbcb;">
                        Pickup orders
                    </span>
                    <span class='button delivery' t-on-click="delivery" style="right: 180px;font-size: 14px;margin-left: 0;border-radius:30px;
                    line-height: 28px;top: 3px;background-color: #393939;color: #fff;border-color: #cecbcb;">
                        Delivery orders
                    </span>
                </section>
                <section class="full-content">
                    <div class="window">
                        <div class="screen-full-width">
                        <div class="orders" style="width: 100%">
                            <div class="header-row" t-att-class="{ oe_hidden: env.isMobile }">
                                <div class="col">Order Ref</div>
                                <div class="col">Customer</div>
                                <div class="col">Contact No</div>
                                <div class="col">Order Date</div>
                                <div class="col">Pickup Date</div>
                                <div class="col">Delivery Date</div>
                                <div class="col wide">Address</div>
                                <div class="col">Total Amount</div>
                                <div class="col" name="confirm_order"></div>
                            </div>
                            <t t-foreach="env.pos.booked_orders" t-as="order" t-key="order.id">
                                    <t t-if="order.state == 'draft'">
                                        <div class="order-row">
                                            <div class="col">
                                                <div t-if="env.isMobile">Order Ref</div>
                                                <div>
                                                    <t t-esc="order.name"/>
                                                </div>
                                            </div>
                                            <div class="col">
                                                <div t-if="env.isMobile">Customer</div>
                                                <div>
                                                    <t t-esc="order.partner_id[1]"/>
                                                </div>
                                            </div>
                                            <div class="col">
                                                <div t-if="env.isMobile">Contact No.</div>
                                                <div>
                                                    <t t-esc="order.phone"/>
                                                </div>
                                            </div>
                                            <div class="col">
                                                <div t-if="env.isMobile">Order Date.</div>
                                                <div>
                                                <t t-esc="order.date_quotation"/>
                                                </div>
                                            </div>
                                            <div class="col">
                                                <div t-if="env.isMobile">Pickup Date.</div>
                                                <div>
                                                <t t-esc="order.pickup_date"/>
                                                </div>
                                            </div>
                                            <div class="col">
                                                <div t-if="env.isMobile">Delivery Date.</div>
                                                <div>
                                                <t t-esc="order.deliver_date"/>
                                                </div>
                                            </div>
                                            <div class="col">
                                                <div t-if="env.isMobile">Address.</div>
                                                <div>
                                                <t t-esc="order.delivery_address"/>
                                                </div>
                                            </div>
                                            <div class="col">
                                                <div t-if="env.isMobile">Total Amount.</div>
                                                <div>
                                                <t t-esc="order.amount_total"/>
                                                </div>
                                            </div>
                                            <div class="col">
                                                <button class="confirm-button" t-att-order="order.id" name="confirm_order" id="confirm_order" style="background-color: #0ec280; color: black;" t-on-click="posconfirm"> Confirm POS Order </button>
                                            </div>
                                        </div>
                                    </t>
                            </t>
                        </div>
                        </div>
                    </div>
                 </section>
            </div>
        </div>
 </t>
</templates>

