<?xml version="1.0" encoding="UTF-8"?>
<templates id="template" xml:space="preserve">
    <t t-name="BookOrderReceipt" t-inherit="point_of_sale.OrderReceipt" t-inherit-mode="extension" owl="1">
         <xpath expr="//div[contains(text(), 'Total Taxes')]" position="after">
                 <hr/>
             <div>
                 Booking Ref:
                 <span t-esc="env.pos.selectedOrder.booked_data.name" class="pos-receipt-right-align"/>
             </div>
            <div>
                     Contact No.:
                <span t-esc="env.pos.selectedOrder.booked_data.phone" class="pos-receipt-right-align"/>
            </div>
            <div>
                     Order Note:
                     <span t-esc="env.pos.selectedOrder.booked_data.note"/>
            </div>
            <t t-if="env.pos.selectedOrder.booked_data.pickup_date">
                     <div>
                        Pickup Date:
                        <span t-esc="env.pos.selectedOrder.booked_data.pickup_date" class="pos-receipt-right-align"/>
                    </div>
            </t>
            <t t-if="env.pos.selectedOrder.booked_data.deliver_date">
                <div>
                        Delivery Date:
                        <span t-esc="env.pos.selectedOrder.booked_data.deliver_date" class="pos-receipt-right-align"/>
                </div>
                <div>
                        Delivery address:
                        <span t-esc="env.pos.selectedOrder.booked_data.delivery_address"/>
                </div>
             </t>
        </xpath>
</t>
</templates>
