<?xml version="1.0" encoding="UTF-8"?>
<templates>
    <t t-name="documents.document_inspector_inherits_view" t-inherit="documents.DocumentsInspector.documentsInfo" t-inherit-mode="extension">
        <xpath expr="//t[@t-call='documents.DocumentsInspector.field']" position="after">
            <t t-call="documents.DocumentsInspector.field">
                <t t-set="field">expiry_date</t>
                <t t-set="additionalProps"/>
            </t>
            <t t-call="documents.DocumentsInspector.field">
                <t t-set="field">notify_before</t>
                <t t-set="additionalProps"/>
            </t>
        </xpath>
    </t>
</templates>

