<?xml version="1.0" encoding="utf-8"?>
<odoo>
    <data noupdate="1">
        <record id="kg_seq_request_for_quotation" model="ir.sequence">
            <field name="name">Request For Quotation</field>
            <field name="code">kg.req.for.quot</field>
            <field name="prefix">RFQ</field>
            <field eval="1" name="number_next"/>
            <field eval="1" name="number_increment"/>
            <field eval="True" name="use_date_range"/>
            <field eval="False" name="company_id"/>
            <field name="padding">3</field>
        </record>
        <record id="kg_seq_purchase_order" model="ir.sequence">
            <field name="name">Purchase Order</field>
            <field name="code">kg.purchase.order.seq.code</field>
            <field name="prefix">P</field>
            <field name="padding">5</field>
            <field name="company_id" eval="False"/>
        </record>
    </data>
</odoo>