<?xml version="1.0" encoding="utf-8"?>
<odoo>
    <data noupdate="1">
        <record id="email_template_adjustment" model="mail.template">
            <field name="name">Inventory Adjustment Request Approval</field>
            <field name="model_id" ref="model_kg_inventory_adjustment"/>
            <field name="subject">Inventory Adjustment Approval Request : ${object.name}</field>
            <field name="body_html" type="html">
                <div style="margin: 0px; padding: 0px;">
                    <p style="margin: 0px; padding: 0px; font-size: 13px;">
                        Hello,
                        <br/>
                        <br/>
                        A new inventory adjustment request requires your approval, Please Approve.
                        <br/>
                        Thank you
                    </p>
                </div>
            </field>
            <field name="auto_delete" eval="False"/>
        </record>
    </data>
</odoo>