<odoo>
    <data noupdate="1">
        <record id="vsot_inventory_sequence_form" model="ir.sequence">
            <field name="name">Inventory Transfer</field>
            <field name="code">kg.inventory</field>
            <field name="active">TRUE</field>
            <field name="prefix">VS/INT/</field>
            <field name="padding">5</field>
            <field name="number_next">1</field>
            <field name="number_increment">1</field>
            <field name="company_id" eval="False"/>
        </record>
        <record id="vsot_inventory_sequence_form_in" model="ir.sequence">
            <field name="name">Inventory Form In</field>
            <field name="code">kg.inventory.in</field>
            <field name="active">TRUE</field>
            <field name="prefix">VS/IN/</field>
            <field name="padding">5</field>
            <field name="number_next">1</field>
            <field name="number_increment">1</field>
            <field name="company_id" eval="False"/>
        </record>
        <record id="vsot_inventory_sequence_form_out" model="ir.sequence">
            <field name="name">Inventory Form out</field>
            <field name="code">kg.inventory.out</field>
            <field name="active">TRUE</field>
            <field name="prefix">VS/OUT/</field>
            <field name="padding">5</field>
            <field name="number_next">1</field>
            <field name="number_increment">1</field>
            <field name="company_id" eval="False"/>
        </record>



    </data>
</odoo>