<odoo>
    <data noupdate="1">
        <record id="vsot_source_truck" model="kg.stock.source">
            <field name="name">Truck</field>
        </record>
        <record id="vsot_source_train" model="kg.stock.source">
            <field name="name">Train</field>
        </record>
        <record id="vsot_source_ship" model="kg.stock.source">
            <field name="name">Ship</field>
        </record>
        <record id="vsot_source_pipeline" model="kg.stock.source">
            <field name="name">Pipeline</field>
        </record>
    </data>
</odoo>