<?xml version="1.0" encoding="UTF-8"?>
<odoo>

    <data noupdate="1">
        <record id="assign_estimation" model="mail.activity.type">
            <field name="name">Estimation Assigned</field>
            <!-- <field name="icon">fa-line-chart</field> -->
            <field name="res_model">crm.estimation</field>
        </record>
         <record id="project_manager_act_approval" model="mail.activity.type">
            <field name="name">Project Manager</field>
<!--            <field name="icon">fa-sun-o</field>-->
             <field name="res_model">sale.order</field>
        </record>
    </data>
</odoo>