<?xml version="1.0" encoding="utf-8"?>
<odoo>
    <data noupdate="1">

        <!-- Sequences for estimation -->
        <record id="seq_estimation" model="ir.sequence">
            <field name="name">Estimation</field>
            <field name="code">crm.estimation</field>
            <field name="prefix">EST/%(range_year)s/</field>
            <field name="padding">4</field>
            <field name="company_id" eval="False"/>
        </record>
        <record id="seq_variation_estimation" model="ir.sequence">
            <field name="name">Estimation</field>
            <field name="code">crm.variation.estimation</field>
            <field name="prefix">V</field>
            <field name="padding">1</field>
            <field name="company_id" eval="False"/>
        </record>
        <record id="seq_crm_lead" model="ir.sequence">
			<field name="name">Opportunity</field>
			<field name="code">crm.lead</field>
			<field name="prefix">LD/OPP/</field>
			<field name="padding">5</field>
			<field name="company_id" eval="False"/>
		</record>


    </data>
</odoo>
