<?xml version="1.0" encoding="utf-8"?>
<odoo>
    <data>

        <record model="ir.module.category" id="module_otc_management">
            <field name="name">Management</field>
            <field name="sequence">17</field>
        </record>

        <record model="ir.module.category" id="module_otc_operations_parent">
            <field name="name">Operations</field>
            <field name="sequence">44</field>
        </record>

        <record model="ir.module.category" id="module_otc_saq_parent">
            <field name="name">SAQ</field>
            <field name="sequence">45</field>
        </record>

        <!-- Group planning-->
        <record model="ir.module.category" id="otc_group_cat_planning">
            <field name="name">Planning</field>
            <field name="sequence">51</field>
        </record>


        <record model="ir.module.category" id="module_otc_operations">
            <field name="name">Operations</field>
            <field name="sequence">12</field>
            <field name="parent_id" eval="ref('kg_tower.module_otc_operations_parent')"/>

        </record>

        <record id="group_first_authoriser" model="res.groups">
            <field name="name">First Authoriser</field>
            <field name="category_id" ref="kg_tower.module_otc_management"/>
            <field name="implied_ids" eval="[(6, 0, [ref('base.group_user')])]"/>
            <field name="users" eval="[(4, ref('base.user_root')), (4, ref('base.user_admin'))]"/>
        </record>

        <record id="group_second_authoriser" model="res.groups">
            <field name="name">Second Authoriser</field>
            <field name="category_id" ref="kg_tower.module_otc_management"/>
            <field name="implied_ids" eval="[(6, 0, [ref('base.group_user')])]"/>
            <field name="users" eval="[(4, ref('base.user_root')), (4, ref('base.user_admin'))]"/>
        </record>

        <!-- Group Commercial-->
        <record model="ir.module.category" id="otc_group_cat_commercial">
            <field name="name">Commercial</field>
            <field name="sequence">50</field>
        </record>

        <record id="group_comm_dept_mgr" model="res.groups">
            <field name="name">Commercial Manager</field>
            <field name="category_id" ref="kg_tower.otc_group_cat_commercial"/>
            <field name="implied_ids" eval="[(6, 0, [ref('base.group_user')])]"/>
            <field name="users" eval="[(4, ref('base.user_root')), (4, ref('base.user_admin'))]"/>
        </record>

        <record id="group_comm_dept" model="res.groups">
            <field name="name">Commercial Key Account</field>
            <field name="category_id" ref="kg_tower.otc_group_cat_commercial"/>
            <field name="implied_ids" eval="[(6, 0, [ref('kg_tower.group_comm_dept_mgr')])]"/>
            <field name="users" eval="[(4, ref('base.user_root')), (4, ref('base.user_admin'))]"/>
        </record>

        <record id="group_oper_saq_rollout" model="res.groups">
            <field name="name">Operations(SAQ)</field>
            <field name="category_id" ref="kg_tower.module_otc_operations"/>
            <field name="implied_ids" eval="[(6, 0, [ref('base.group_user')])]"/>
            <field name="users" eval="[(4, ref('base.user_root')), (4, ref('base.user_admin'))]"/>
        </record>

        <record id="group_oper_rollout" model="res.groups">
            <field name="name">Operations(Rollout)</field>
            <field name="category_id" ref="kg_tower.module_otc_operations"/>
            <field name="implied_ids" eval="[(6, 0, [ref('base.group_user')])]"/>
            <field name="users" eval="[(4, ref('base.user_root')), (4, ref('base.user_admin'))]"/>
        </record>

        <record id="group_srr" model="res.groups">
            <field name="name">SRR</field>
            <field name="category_id" ref="kg_tower.module_otc_operations"/>
            <field name="implied_ids" eval="[(6, 0, [ref('base.group_user')])]"/>
            <field name="users" eval="[(4, ref('base.user_root')), (4, ref('base.user_admin'))]"/>
        </record>

        <record id="group_nswo" model="res.groups">
            <field name="name">NSWO</field>
            <field name="category_id" ref="kg_tower.module_otc_operations"/>
            <field name="implied_ids" eval="[(6, 0, [ref('base.group_user')])]"/>
            <field name="users" eval="[(4, ref('base.user_root')), (4, ref('base.user_admin'))]"/>
        </record>

        <record id="group_saq_user" model="res.groups">
            <field name="name">User</field>
            <field name="category_id" ref="kg_tower.module_otc_saq_parent"/>
            <field name="implied_ids" eval="[(6, 0, [ref('base.group_user')])]"/>
            <field name="users" eval="[(4, ref('base.user_root')), (4, ref('base.user_admin'))]"/>
        </record>
        <record id="group_saq_back_office" model="res.groups">
            <field name="name">Back Office</field>
            <field name="category_id" ref="kg_tower.module_otc_saq_parent"/>
            <field name="implied_ids" eval="[(6, 0, [ref('kg_tower.group_saq_user')])]"/>
            <field name="users" eval="[(4, ref('base.user_root')), (4, ref('base.user_admin'))]"/>
        </record>

        <record id="group_saq_coor" model="res.groups">
            <field name="name">Co-ordinator</field>
            <field name="category_id" ref="kg_tower.module_otc_saq_parent"/>
            <field name="implied_ids" eval="[(6, 0, [ref('kg_tower.group_saq_back_office')])]"/>
            <field name="users" eval="[(4, ref('base.user_root')), (4, ref('base.user_admin'))]"/>
        </record>


        <record id="group_saq_manager" model="res.groups">
            <field name="name">Manager</field>
            <field name="category_id" ref="kg_tower.module_otc_saq_parent"/>
            <field name="implied_ids" eval="[(6, 0, [ref('kg_tower.group_saq_coor')])]"/>
            <field name="users" eval="[(4, ref('base.user_root')), (4, ref('base.user_admin'))]"/>
        </record>

        <record id="group_plan_engineer" model="res.groups">
            <field name="name">Planning Engineer</field>
            <field name="category_id" ref="kg_tower.otc_group_cat_planning"/>
            <field name="implied_ids" eval="[(6, 0, [ref('base.group_user')])]"/>
            <field name="users" eval="[(4, ref('base.user_root')), (4, ref('base.user_admin'))]"/>
        </record>

        <record id="group_plan_manager" model="res.groups">
            <field name="name">Planning Manager</field>
            <field name="category_id" ref="kg_tower.otc_group_cat_planning"/>
            <field name="implied_ids" eval="[(6, 0, [ref('kg_tower.group_plan_engineer')])]"/>
            <field name="users" eval="[(4, ref('base.user_root')), (4, ref('base.user_admin'))]"/>
        </record>

        <!--Record Rules-->
<!--        <record id="srr_allocated_records" model="ir.rule">-->
<!--            <field name="name">SRR:Own SRR Only</field>-->
<!--            <field name="model_id" ref="model_ring_request"/>-->
<!--            <field name="domain_force">[('saq_user','=',user.id)]</field>-->
<!--            <field name="groups" eval="[(4, ref('kg_tower.group_saq_user'))]"/>-->
<!--        </record>-->

        <record id="srr_all_records" model="ir.rule">
            <field name="name">SRR:ALL SRR</field>
            <field name="model_id" ref="model_ring_request"/>
            <field name="domain_force">[(1,'=',1)]</field>
            <field name="groups" eval="[(4, ref('kg_tower.group_saq_coor'))]"/>
        </record>

        <record id="rule_own_tasks" model="ir.rule">
            <field name="name">Own Tasks only</field>
            <field name="model_id" ref="model_project_task"/>
            <field name="domain_force">[('user_id', '=', user.id)]</field>
            <field name="groups" eval="[(4, ref('base.group_user'))]"/>
        </record>

        <record  id="group_preventive_maintenances" model="res.groups">
            <field name="name">Preventive Maintenance</field>
        </record>

    </data>
</odoo>