id,name,model_id:id,group_id:id,perm_read,perm_write,perm_create,perm_unlink
access_kg_ring_request,ring_request,model_ring_request,base.group_user,1,1,1,0
access_product_brand,access_product_brand,model_product_brand,base.group_user,1,1,1,0
access_cabinet_type,access_cabinet_type,model_cabinet_type,base.group_user,1,1,1,0
access_kg_work_order,work_order,model_work_order,base.group_user,1,1,1,0
access_kg_micro_dishes,micro_dishes,model_micro_dishes,base.group_user,1,1,1,0
access_kg_rru_antenna,rru_antenna,model_rru_antenna,base.group_user,1,1,1,0
access_kg_governorate,kg_governorate,model_kg_governorate,base.group_user,1,1,1,0
access_kg_shelter_space,shelter_space,model_shelter_space,base.group_user,1,1,1,0
access_kg_equipment_housing,equipment_housing,model_equipment_housing,base.group_user,1,1,1,
access_kg_task_list,task_list,model_task_list,base.group_user,1,1,1,0
access_kg_tower_height,tower_height,model_tower_height,base.group_user,1,1,1,0
access_kg_epa_allowance,epa_allowance,model_epa_allowance,base.group_user,1,1,1,0
access_kg_monthly_calculation,rent_calculation,model_rent_calculation,base.group_user,1,1,1,0
access_kg_shelter_rent,shelter_rent,model_shelter_rent,base.group_user,1,1,1,0
access_kg_wilayat,kg_wilayat,model_kg_wilayat,base.group_user,1,1,1,0
access_kg_task_list_lines,task_list_lines,model_task_list_lines,base.group_user,1,1,1,1
access_kg_ring_request_portal,ring.request.portal,model_ring_request,base.group_portal,1,0,0,0
access_kg_work_order_portal,work.order.portal,model_work_order,base.group_portal,1,0,0,0
access_site_acquisition,access_site_acquisition,model_site_acquisition,base.group_user,1,1,1,0
access_site_construction,access_site_construction,model_site_construction,base.group_user,1,1,1,0
access_rfi_notice,access_rfi_notice,model_rfi_notice,base.group_user,1,1,1,0
access_tower_invoice,access_tower_invoice,model_tower_invoice,base.group_user,1,1,1,0
access_tower_invoice_line,access_tower_invoice_line,model_tower_invoice_line,base.group_user,1,1,1,1
access_project_expense_lines,access_project_expense_lines,model_project_expense_lines,base.group_user,1,1,1,1
access_expense_type,access_expense_type,model_expense_type,base.group_user,1,1,1,0
access_account_penalty,access_account_penalty,model_account_penalty,base.group_user,1,1,1,0
access_kg_dispute,access_kg_dispute,model_kg_dispute,base.group_user,1,1,1,0
access_kg_nda,access_kg_nda,model_kg_nda,base.group_user,1,1,1,0
access_product_dev,access_product_dev,model_product_dev,base.group_user,1,1,1,0
access_event_gift,access_event_gift,model_event_gift,base.group_user,1,1,1,0
access_event_gift_line,access_event_gift_line,model_event_gift_line,base.group_user,1,1,1,1
access_project_addt_resources,access_project_addt_resources,model_project_addt_resources,base.group_user,1,1,1,0
access_project_closure,access_project_closure,model_project_closure,base.group_user,1,1,1,0
access_kg_tswo,access_kg_tswo,model_kg_tswo,base.group_user,1,1,1,0
access_kg_tswo_line,access_kg_tswo_line,model_kg_tswo_line,base.group_user,1,1,1,1
access_kg_vo,access_kg_vo,model_kg_vo,base.group_user,1,1,1,0
access_kg_vo_line,access_kg_vo_line,model_kg_vo_line,base.group_user,1,1,1,1
access_contract_pricelist,access_contract_pricelist,model_contract_pricelist,base.group_user,1,1,1,0
access_contract_pricelist_line,access_contract_pricelist_line,model_contract_pricelist_line,base.group_user,1,1,1,1
access_radio_technology,access_radio_technology,model_radio_technology,base.group_user,1,1,1,0
access_structure_type,access_structure_type,model_structure_type,base.group_user,1,1,1,0
access_project_tenant_details,access_project_tenant_details,model_project_tenant_details,base.group_user,1,1,1,0
access_transmission_type,access_transmission_type,model_transmission_type,base.group_user,1,1,1,0
access_radio_antenna,access_radio_antenna,model_radio_antenna,base.group_user,1,1,1,0
access_cabinet_space,cabinet_space,model_cabinet_space,base.group_user,1,1,1,0
access_ground_space,ground_space,model_ground_space,base.group_user,1,1,1,0
access_power_load_category,access_power_load_category,model_power_load_category,base.group_user,1,1,1,0
access_work_order_antenna_lines,access_work_order_antenna_lines,model_work_order_antenna_lines,base.group_user,1,1,1,1
access_work_order_rru_lines,access_work_order_rru_lines,model_work_order_rru_lines,base.group_user,1,1,1,1
access_work_order_microwave_lines,access_work_order_microwave_lines,model_work_order_microwave_lines,base.group_user,1,1,1,1
access_kg_dashbord,access_kg_dashbord,model_kg_dashbord,,1,1,1,0
access_kg_dashboard,access_kg_dashboard,model_kg_dashboard,,1,1,1,0
access_tower_transfer,access_tower_transfer,model_tower_transfer,base.group_user,1,1,1,0
access_doc_checklist,access_doc_checklist,model_doc_checklist,base.group_user,1,1,1,0
access_towerwizard_reports,access_towerwizard_reports,model_towerwizard_reports,base.group_user,1,1,1,0
access_tower_report_out,access_tower_report_out,model_tower_report_out,base.group_user,1,1,1,0
access_srr_sendback,srr_sendback,model_srr_sendback,base.group_user,1,1,1,0
access_kg_regional_coefficient,access_kg_regional_coefficient,model_kg_regional_coefficient,base.group_user,1,1,1,0
access_contract_pricelist_contractor_sequence,access_contract_pricelist_contractor_sequence,model_contract_pricelist_contractor_sequence,base.group_user,1,1,1,0
access_contract_pricelist_contractor_sequence_so,access_contract_pricelist_contractor_sequence_so,model_contract_pricelist_contractor_sequence_so,base.group_user,1,1,1,0
access_project_contractor_expense,access_project_contractor_expense,model_project_contractor_expense,base.group_user,1,1,1,0
access_project_contractor_expense_nonrecover,access_project_contractor_expense_nonrecover,model_project_contractor_expense_nonrecover,base.group_user,1,1,1,0
access_contractor_expense_type,access_contractor_expense_type,model_contractor_expense_type,base.group_user,1,1,1,0
access_project_owner_rent_expense,access_project_owner_rent_expense,model_project_owner_rent_expense,base.group_user,1,1,1,0
access_search_stock_quant,access_search_stock_quant,model_search_stock_quant,base.group_user,1,1,1,1
access_stock_order,access_stock_order,model_stock_order,base.group_user,1,1,1,0
access_stock_order_line,access_stock_order_line,model_stock_order_line,base.group_user,1,1,1,1
access_project_tswo,access_project_tswo,model_project_tswo,base.group_user,1,1,1,0
access_co_location,access_co_location,model_co_location,base.group_user,1,1,1,0
access_anteena_type,access_anteena_type,model_anteena_type,base.group_user,1,1,1,0
access_co_location_anteena_line,access_anteena_type,model_co_location_antenna_lines,base.group_user,1,1,1,1
access_co_location_rru_line,access_anteena_type,model_co_location_rru_lines,base.group_user,1,1,1,1
access_co_location_microwave_line,access_anteena_type,model_co_location_microwave_lines,base.group_user,1,1,1,1
access_alteration_form,access_alteration_form,model_alteration_form,base.group_user,1,1,1,0
tower_stock_inventory_form,tower_stock_inventory_form,model_tower_stock_inventory,base.group_user,1,1,1,0
access_project_milestone,access_project_milestone,model_project_milestone,base.group_user,1,1,1,0
access_so_project_milestone,access_so_project_milestone,model_so_project_milestone,base.group_user,1,1,1,0
access_generate_invoice,access_generate_invoice,model_generate_invoice,base.group_user,1,1,1,0
access_task_list_category,access_task_list_category,model_task_list_category,base.group_user,1,1,1,0
access_task_list_category,access_task_list_category,model_task_list_category,base.group_user,1,1,1,0
access_kg_contract_pricelist_regional_coefficient,access_kg_contract_pricelist_regional_coefficient,model_contract_pricelist_regional_coefficient,base.group_user,1,1,1,0
access_invoices,access_invoices,model_account_move,base.group_user,1,1,0,0
access_projects,access_projects,model_project_project,base.group_user,1,1,1,0
access_project_tasks,access_project_tasks,model_project_task,base.group_user,1,1,1,0
access_sub_folder,access_sub_folder,model_sub_folder,base.group_user,1,1,1,0
access_kg_portal_structure_type_portal,structure_type.portal,model_structure_type,base.group_portal,1,0,0,0
access_kg_portal_transmission_type,transmission_type,model_transmission_type,base.group_portal,1,0,0,0
access_kg_portal_wilayat,kg_wilayat,model_kg_wilayat,base.group_portal,1,0,0,0
access_kg_portal_tower_height,tower_height,model_tower_height,base.group_portal,1,0,0,0
access_kg_portal_shelter_space,shelter_space,model_shelter_space,base.group_portal,1,0,0,0
access_kg_portal_account_asset_site,account_asset_site,model_account_asset_site,base.group_portal,1,0,0,0
access_kg_portal_epa_allowance,epa_allowance,model_epa_allowance,base.group_portal,1,0,0,0
access_kg_portal_governorate,kg_governorate,model_kg_governorate,base.group_portal,1,0,0,0
access_kg_radio_technology,radio_technology,model_radio_technology,base.group_portal,1,0,0,0
access_kg_preventive_maintenance,kg_preventive_maintenance,model_kg_preventive_maintenance,base.group_user,1,1,1,1
access_kg_pm_checklist,pm_checklist,model_pm_checklist,base.group_user,1,1,1,1
access_kg_pm_checklist_line,pm_checklist_line,model_pm_checklist_line,base.group_user,1,1,1,1
access_kg_stock_invoice,stock_invoice,model_stock_invoice,base.group_user,1,1,1,1
access_kg_import_file,import_file,model_import_file,base.group_user,1,1,1,1

