<?xml version="1.0" encoding="utf-8"?>
<odoo>
    <data>

        <record id="account_move_form_inherit" model="ir.ui.view">
            <field name="name">inherit.account.move.form</field>
            <field name="model">account.move</field>
            <field name="inherit_id" ref="account.view_move_form"/>
            <field name="priority" eval="8"/>
            <field name="arch" type="xml">
                <xpath expr="//field[@name='invoice_date']" position="after">
                    <field name="registration_id"/>
                </xpath>
            </field>
        </record>
    </data>
</odoo>