<?xml version="1.0" encoding="utf-8"?>
<odoo>
    <data>

        <record id="res_partner_form_inherit1" model="ir.ui.view">
            <field name="name">inherit.res.partner.form</field>
            <field name="model">res.partner</field>
            <field name="inherit_id" ref="base.view_partner_form"/>
            <field name="priority" eval="8"/>
            <field name="arch" type="xml">
                <xpath expr="//notebook" position="inside">
                    <page name="vendor_details" string="Other Info"
                          attrs="{'invisible':[('company_type','!=','company')]}">
                        <group>
                            <group>

                                <field name="formed_on"/>
                                <field name="grade"/>
                                <field name="category"/>
                                <field name="cr_no"/>
                                <field name="cr_expiry_date"/>
                                <field name="registered_sme" widget="radio" options="{'horizontal': true}"/>
                                <field name="bank"/>
                                <field name="branch"/>
                                <field name="swift_no"/>
                                <field name="account_no"/>
                                <field name="account_name"/>
                                <field name="commercial_activities"/>
                            </group>
                            <group>
                                <field name="vendor_registration" readonly="1"/>
                                <field name="total_strength"/>
                                <field name="total_omanies"/>
                                <field name="total_expatriate"/>
                                <field name="main_office_location"/>
                                <field name="qhse_rep"/>
                                <field name="qhse_contact"/>
                                <field name="finance_rep"/>
                                <field name="finance_contact"/>
                            </group>
                        </group>
                    </page>
                </xpath>
                <xpath expr="//field[@name='mobile']" position="after">
                    <field name="landphone"/>
                </xpath>
                <xpath expr="//field[@name='function']" position="before">
                    <field name="expiry" string="Expired ?" widget="boolean_toggle"
                           attrs="{'invisible':[('company_type','!=','company')]}"/>
                    <field name="expiry_date" string="Expired On" attrs="{'invisible':[('expiry','=',False)]}"
                           readonly="1" force_save="1"/>
                </xpath>
                <xpath expr="//div[@name='button_box']" position="inside">
                    <widget name="web_ribbon" title="Expired" bg_color="bg-danger"
                            attrs="{'invisible': [('expiry', '=', False)]}"/>
                </xpath>
            </field>
        </record>
    </data>
</odoo>