<?xml version="1.0" encoding="utf-8"?>
<odoo>
    <data>

        <record id="res_company_form_inherit" model="ir.ui.view">
            <field name="name">attatchment.res_company.form</field>
            <field name="model">res.company</field>
            <field name="inherit_id" ref="base.view_company_form"/>
            <field name="priority" eval="8"/>
            <field name="arch" type="xml">
                <xpath expr="//field[@name='favicon']" position="after">
                    <field name="default_partner_id"/>
                    <field name="default_product_id"/>
                </xpath>
                <xpath expr="//page[@name='general_info']" position="after">
                    <page name="required_docs" string="Documents Required" invisible="1">
                        <group>
                            <group>
                                <field name="decleration_letter" invisible="1"/>
                                <field name="registration_request" invisible="1"/>
                                <field name="commercial_registration" invisible="1"/>
                            </group>
                        </group>
                    </page>

                </xpath>
            </field>
        </record>
    </data>
</odoo>