<?xml version="1.0" encoding="utf-8"?>
<odoo>
    <data>

        <record id="ring_request_form_inherit" model="ir.ui.view">
            <field name="name">inherit.ring_request.form</field>
            <field name="model">ring.request</field>
            <field name="inherit_id" ref="kg_tower.ring_request_view_form"/>
            <field name="priority" eval="8"/>
            <field name="arch" type="xml">
                <xpath expr="//div[@name='button_box']" position="inside">
                    <button type="object" name="show_fines" class="oe_stat_button" icon="fa-book">
                        Fines
                    </button>
                </xpath>
                    <!--  These fields added into "kg_tower" module as a new page   -->
<!--                <xpath expr="//field[@name='expected_completion_days']" position="before">-->
<!--                    <field name="notify_fine" force_save="1" readonly="1"/>-->
<!--                    <field name="notify_nswo" force_save="1" readonly="1"/>-->
<!--                    <field name="date_completed"/>-->
<!--                    <field name="after_sixty_days" force_save="1" invisible="0"/>-->
<!--                    <field name="after_fifty_days" force_save="1" invisible="0"/>-->
<!--                </xpath>-->
                <xpath expr="//button[@name='open_modification']" position="before">
                        <button string=" Ring Request Reminder" name="ring_request_reminder" type="object"
                               invisible="1" class="oe_highlight"/>
                </xpath>
            </field>
        </record>
    </data>
</odoo>