<?xml version="1.0" encoding="utf-8"?>
<odoo>
    <data>

        <record id="work_order_form_inherit" model="ir.ui.view">
            <field name="name">inherit.work.order.form</field>
            <field name="model">work.order</field>
            <field name="inherit_id" ref="kg_tower.work_order_view_form"/>
            <field name="priority" eval="8"/>
            <field name="arch" type="xml">
                <xpath expr="//field[@name='location_no']" position="after">
                    <field name="published_notify" force_save="1" invisible="1"/>
                    <field name="after_sixty_days" force_save="1" invisible="1"/>
                </xpath>
            </field>
        </record>
    </data>
</odoo>