<?xml version="1.0" encoding='UTF-8'?>
<odoo>
<data noupdate="1">
       <record id="expired_reservation_archive" model="ir.cron">
       <field name="name">Reservation Expiry</field>
       <field name="model_id" ref="model_contacts_product"/>
       <field name="state">code</field>
       <field name="code">model.automatic_archive()</field>
       <field name="user_id" ref="base.user_root"/>
       <field name='interval_number'>1</field>
       <field name='interval_type'>days</field>
       <field name="numbercall">-1</field>
       <field name="doall" eval="False"/>
   </record>
</data>
</odoo>