id,name,model_id:id,group_id:id,perm_read,perm_write,perm_create,perm_unlink
access_kg_vendor_registration,vendor_registration,model_vendor_registration,base.group_user,1,1,1,1
access_kg_approved_activity,approved_activity,model_approved_activity_lines,base.group_user,1,1,1,1
access_kg_owner_lines,owner_lines,model_owner_lines,base.group_user,1,1,1,1
access_kg_signature_authority_lines,signature_authority_lines,model_signature_authority_lines,base.group_user,1,1,1,1
access_kg_vendor_registration_fee,vendor_registration_fee,model_vendor_registration_fee,base.group_user,1,1,1,1
access_material_request,material_request,model_material_request,base.group_user,1,1,1,1
access_material_request_lines,material_request_lines,model_material_request_lines,base.group_user,1,1,1,1
access_kg_vendor_registration_fee_portal,vendor_registration_fee_portal,model_vendor_registration_fee,base.group_public,1,1,1,1
access_kg_srr_fine,srr_fine,model_srr_fine,,1,1,1,1
access_kg_srr_fine_lines,srr_fine_lines,model_srr_fine_lines,,1,1,1,1