<?xml version="1.0" encoding="UTF-8"?>
<odoo>

    <data noupdate="1">

        <record id="payment_stage_approval" model="mail.activity.type">
            <field name="name">Approve/Review Payment</field>
            <field name="icon">fa-sun-o</field>
            <field name="res_model_id" ref="account.model_account_payment"/>
        </record>

        <record id="tower_invoice_stages" model="mail.activity.type">
            <field name="name">Approve/Review Invoices</field>
            <field name="icon">fa-sun-o</field>
            <field name="res_model_id" ref="kg_tower.model_tower_invoice"/>
        </record>


        <record id="gift_stages" model="mail.activity.type">
            <field name="name">Approve/Review Gifts</field>
            <field name="icon">fa-sun-o</field>
            <field name="res_model_id" ref="kg_tower.model_event_gift"/>
        </record>

        <record id="srr_created" model="mail.activity.type">
            <field name="name">SRR Approve/Review</field>
            <field name="icon">fa-sun-o</field>
            <field name="res_model_id" ref="kg_tower.model_ring_request"/>
        </record>

        <record id="nswo_created" model="mail.activity.type">
            <field name="name">Approve/Review</field>
            <field name="icon">fa-sun-o</field>
            <field name="res_model_id" ref="kg_tower.model_work_order"/>
        </record>
        <record id="nswo_edit_notification" model="mail.activity.type">
            <field name="name">Modification Request</field>
            <field name="icon">fa-sun-o</field>
            <field name="res_model_id" ref="kg_tower.model_work_order"/>
        </record>
        <record id="tswo_approval" model="mail.activity.type">
            <field name="name">Approve TSWO</field>
            <field name="icon">fa-sun-o</field>
            <field name="res_model_id" ref="kg_tower.model_kg_tswo"/>
        </record>
        <record id="stock_order_approval" model="mail.activity.type">
            <field name="name">Approve Stock Order</field>
            <field name="icon">fa-sun-o</field>
            <field name="res_model_id" ref="kg_tower.model_stock_order"/>
        </record>
        <record id="vo_approval" model="mail.activity.type">
            <field name="name">Approve VO</field>
            <field name="icon">fa-sun-o</field>
            <field name="res_model_id" ref="kg_tower.model_kg_vo"/>
        </record>


             <record id="saq_created" model="mail.activity.type">
            <field name="name">Site Acquistion Created</field>
            <field name="icon">fa-sun-o</field>
            <field name="res_model_id" ref="kg_tower.model_site_acquisition"/>
        </record>



        <record id="pac_approval" model="mail.activity.type">
            <field name="name">Approve PAC</field>
            <field name="icon">fa-sun-o</field>
            <field name="res_model_id" ref="otc_assets.model_account_asset_pac"/>
        </record>

        <record id="srr_update_candidate" model="mail.activity.type">
            <field name="name">SRR : Update Candidates</field>
            <field name="icon">fa-sun-o</field>
            <field name="res_model_id" ref="kg_tower.model_ring_request"/>
        </record>

        <record id="preventive_maintenance_notification" model="mail.activity.type">
             <field name="name">Preventive Maintenance Notification</field>
            <field name="icon">fa-sun-o</field>
            <field name="res_model_id" ref="kg_tower.model_kg_preventive_maintenance"/>
        </record>

    </data>
</odoo>