<?xml version="1.0" encoding='UTF-8'?>
<odoo noupdate="1">

    <record id="invoice_penalty_scheduler_action" model="ir.cron">
        <field name="name">Invoice Penalty</field>
        <field name="model_id" ref="account.model_account_move"/>
        <field name="interval_number">1</field>
        <field name="interval_type">days</field>
        <field name="numbercall">-1</field>
        <field name="priority">5</field>
        <field name="doall" eval="False"/>
        <field name="state">code</field>
        <field name="code">model.invoice_penalty_calculation()</field>
    </record>

</odoo>
