<?xml version="1.0" encoding="utf-8"?>
<odoo>
    <data noupdate="1">

           <record id="srr_confirmation_mail" model="mail.template">
            <field name="name">SRR Confirmation</field>
            <field name="email_from">"${user.company_id.name | safe}" &lt;${(user.company_id.email or user.email) | safe}&gt;</field>
            <field name="email_to">${object.partner_id.email | safe}</field>
            <field name="subject">SRR Confirmation</field>
            <field name="model_id" ref="kg_tower.model_ring_request"/>
            <field name="auto_delete" eval="False"/>
            <field name="report_template" ref="kg_tower.action_search_ring_report"/>
            <field name="report_name">Search RIng Request</field>
            <field name="body_html" type="xml">
                <div>
                    Dear ${object.partner_id.name},<br/><br/>
                 PFA
                    <br/>Best Regards,<br/><br/>
                    % if user.signature:
                    <br/>
                    ${user.signature | safe}
                    % endif
                </div>
            </field>
        </record>


        <record id="invoice_due_remainder_email_template" model="mail.template">
            <field name="name">Invoice Due Date Reminder</field>
            <field name="model_id" ref="account.model_account_move"/>
            <field name="body_html" type="html">
                <div style="margin: 0px; padding: 0px;">
                    <p style="margin: 0px; padding: 0px; font-size: 13px;"></p>
                    Dear ${object.partner_id.name},
                    <br/>
                    <br/>
                    We wanted to let you know that your invoice <strong>${object.name}</strong> is due today, <strong>
                    ${object.date_due}</strong>.
                    <br/>
                    <br/>
                    Invoice No :
                    <strong>${object.name}</strong>
                    <br/>
                    Invoice Date :
                    <strong>${object.invoice_date}</strong>
                    <br/>

                    Invoiced by :
                    <strong>${object.invoice_user_id.name}</strong>
                    <br/>
                    Due Amount :
                    <strong>${object.amount_residual}</strong>
                    <br/>
                    <br/>
                    Feel free to contact us if you have any question.
                    <br/>
                    <br/>

                    % if object.partner_id.company_id:
                    Best regards,
                    <br/>
                    from
                    <strong>${object.partner_id.company_id.name | safe}
                    </strong>
                    % endif
                </div>
            </field>
        </record>

        <record id="invoice_before_due_remainder_email_template" model="mail.template">
            <field name="name">Invoice Before Due Date Reminder</field>
            <field name="model_id" ref="account.model_account_move"/>
            <field name="body_html" type="html">
                <div style="margin: 0px; padding: 0px;">
                    <p style="margin: 0px; padding: 0px; font-size: 13px;"></p>
                    Dear ${object.partner_id.name},
                    <br/>
                    <br/>
                    This is friendly reminder that your invoice is going to due. According to our record your invoice <strong>
                    ${object.name}
                </strong> from
                    <strong>
                        % if object.partner_id.company_id:
                        ${object.partner_id.company_id.name | safe}
                        % endif
                    </strong>
                    will due on <strong>${object.invoice_date_due}</strong> and only <strong>${object.due_days} Days
                </strong> left.
                    <br/>
                    <br/>
                    Please refer invoice detail and take necessary action.
                    <br/>
                    Invoice :
                    <strong>${object.name}</strong>
                    <br/>
                    Invoice Date :
                    <strong>${object.invoice_date}</strong>
                    <br/>
                    Due Date :
                    <strong>${object.invoice_date_due}</strong>
                    <br/>
                    Invoiced by :
                    <strong>${object.invoice_user_id.name}</strong>
                    <br/>
                    Due Amount :
                    <strong>${object.amount_residual}</strong>
                    <br/>
                    <br/>
                    Feel free to contact us if you have any question.
                    <br/>
                    <br/>
                    Thanks in advance,
                    <br/>
                    % if object.partner_id.company_id:
                    from
                    <strong>${object.partner_id.company_id.name | safe}
                    </strong>
                    % endif
                </div>
            </field>
        </record>
    </data>
    <data>
        <record id="srr_modification_mail" model="mail.template">
            <field name="name">SRR Modification Request</field>
            <field name="email_from">"${user.company_id.name | safe}" &lt;${(user.company_id.email or user.email) | safe}&gt;</field>
<!--            <field name="email_to">${object.partner_id.email | safe}</field>-->
            <field name="subject">SRR Modification Request</field>
            <field name="model_id" ref="kg_tower.model_ring_request"/>
            <field name="auto_delete" eval="False"/>
<!--            <field name="report_template" ref="kg_tower.action_search_ring_report"/>-->
<!--            <field name="report_name">Search RIng Request</field>-->
            <field name="body_html" type="xml">
                <div>
                    Dear User,<br/><br/>
                    Modification request for the SRR ref:<strong>${object.name}</strong> is received.Please Check.
                    <br/><br/>
                    Thanks in advance,
                     % if object.partner_id.company_id:
                    from
                    <strong>${object.partner_id.company_id.name | safe}
                    </strong>
                    % endif
                </div>
            </field>
        </record>
    </data>

    <data>
        <record id="nswo_modification_mail" model="mail.template">
            <field name="name">NSWO Modification Request</field>
            <field name="email_from">"${user.company_id.name | safe}" &lt;${(user.company_id.email or user.email) | safe}&gt;</field>
<!--            <field name="email_to">${object.partner_id.email | safe}</field>-->
            <field name="subject">NSWO Modification Request</field>
            <field name="model_id" ref="kg_tower.model_work_order"/>
            <field name="auto_delete" eval="False"/>
<!--            <field name="report_template" ref="kg_tower.action_search_ring_report"/>-->
<!--            <field name="report_name">Search RIng Request</field>-->
            <field name="body_html" type="xml">
                <div>
                    Dear User,<br/><br/>
                    Modification request for the NSWO ref:<strong>${object.name}</strong> is received.Please Check.
                    <br/><br/>
                    Thanks in advance,
                     % if object.partner_id.company_id:
                    from
                    <strong>${object.partner_id.company_id.name | safe}
                    </strong>
                    % endif
                </div>
            </field>
        </record>
    </data>
</odoo>
