<?xml version="1.0" encoding="utf-8"?>
<odoo>
    <data noupdate="0">
        <record id="seq_ring_req" model="ir.sequence">
            <field name="name">Ring Request</field>
            <field name="code">ring.request</field>
            <field name="prefix">SRR/</field>
            <field name="padding">3</field>
        </record>
        <record id="seq_co_location" model="ir.sequence">
            <field name="name">Co Location</field>
            <field name="code">co.location</field>
            <field name="prefix">CL/</field>
            <field name="padding">3</field>
        </record>
        <record id="seq_work_order" model="ir.sequence">
            <field name="name">Work Order</field>
            <field name="code">work.order</field>
            <field name="prefix">WO/</field>
            <field name="padding">3</field>
        </record>
        <record id="seq_prev_maintenance" model="ir.sequence">
            <field name="name">Preventive Maintenance</field>
            <field name="code">kg.preventive.maintenance</field>
            <field name="prefix">PM/%(year)s/%(month)s-</field>
            <field name="padding">3</field>
            <field name="implementation">no_gap</field>

        </record>

        <record id="seq_site_acq" model="ir.sequence">
            <field name="name">Site Acquisition</field>
            <field name="code">site.acquisition</field>
            <field name="prefix">SAQ/</field>
            <field name="padding">3</field>
        </record>

        <record id="seq_site_construction" model="ir.sequence">
            <field name="name">Site Construction</field>
            <field name="code">site.construction</field>
            <field name="prefix">CON/</field>
            <field name="padding">3</field>
        </record>

        <record id="seq_rfi_issued" model="ir.sequence">
            <field name="name">RFI Notice Issued</field>
            <field name="code">rfi.notice</field>
            <field name="prefix">RFI_NOI/</field>
            <field name="padding">3</field>
        </record>

        <record id="seq_project_project" model="ir.sequence">
            <field name="name">Project</field>
            <field name="code">project.project</field>
            <field name="prefix">PRO/</field>
            <field name="padding">4</field>
        </record>

        <record id="seq_tower_invoice" model="ir.sequence">
            <field name="name">Tower Invoice</field>
            <field name="code">tower.invoice</field>
            <field name="prefix">OTC-INV-</field>
            <field name="padding">4</field>
        </record>

        <record id="seq_cont_exp" model="ir.sequence">
            <field name="name">Project Contractor Expense</field>
            <field name="code">project.contractor.expense</field>
            <field name="prefix">CEXP-%(year)s-</field>
            <field name="padding">4</field>
        </record>

        <record id="seq_cont_exp_nonreco" model="ir.sequence">
            <field name="name">Project Contractor Non Recoverable Expense</field>
            <field name="code">project.contractor.expense.nonreco</field>
            <field name="prefix">CNREXP-%(year)s-</field>
            <field name="padding">4</field>
        </record>

        <record id="seq_own_rent_exp" model="ir.sequence">
            <field name="name">Project Owner Rent Expense</field>
            <field name="code">project.owner.rent.expense</field>
            <field name="prefix">OEXP-%(year)s-</field>
            <field name="padding">4</field>
        </record>

        <record id="seq_tower_transfer" model="ir.sequence">
            <field name="name">Tower Transfer</field>
            <field name="code">tower.transfer</field>
            <field name="prefix">TT-</field>
            <field name="padding">4</field>
        </record>

        <record id="create_quarter_invoices" model="ir.cron">
            <field name="name">Quarter Invoices</field>
            <field name="interval_number">3</field>
            <field name="interval_type">months</field>
            <field name="numbercall">-1</field>
            <!--<field name="nextcall" eval="(DateTime.now().replace(hour=2, minute=0) + timedelta(days=1)).strftime('%Y-%m-%d %H:%M:%S')" />-->
            <field name="doall" eval="False"/>
            <field name="model_id" ref="model_tower_invoice"/>
            <field name="code">model.create_quarter_invoices()</field>
            <field name="state">code</field>
            <field name="active" eval="False"/>

        </record>

        <record id="seq_bank_statement" model="ir.sequence">
            <field name="name">Bank Statement</field>
            <field name="code">account.bank.statement</field>
            <field name="prefix">OTC-STAT-</field>
            <field name="padding">4</field>
        </record>

         <record id="seq_tswo" model="ir.sequence">
            <field name="name">TSWO</field>
            <field name="code">kg.tswo</field>
            <field name="prefix">TSWO/</field>
            <field name="padding">3</field>
        </record>

        <record id="seq_stock_order" model="ir.sequence">
            <field name="name">Stock Order</field>
            <field name="code">kg.stock.order</field>
            <field name="prefix">SO/</field>
            <field name="padding">3</field>
        </record>

          <record id="seq_vo" model="ir.sequence">
            <field name="name">VO</field>
            <field name="code">kg.vo</field>
            <field name="prefix">VO/</field>
            <field name="padding">3</field>
        </record>
          <record id="seq_tower_inventry" model="ir.sequence">
            <field name="name">Tower Stock Inventory</field>
            <field name="code">tower.stock.inventory</field>
            <field name="prefix">TSI/</field>
            <field name="padding">3</field>
        </record>

        <record id="seq_for_milestone" model="ir.sequence">
            <field name="name">Project Milestone</field>
            <field name="code">project.milestone</field>
            <field name="prefix"></field>
            <field name="padding">4</field>
            <field name="number_next">1</field>
            <field name="number_increment">1</field>
            <field name="implementation">no_gap</field>
        </record>

        <record id="seq_for_so_milestone" model="ir.sequence">
            <field name="name">SO Project Milestone</field>
            <field name="code">so.project.milestone</field>
            <field name="prefix"></field>
            <field name="padding">4</field>
            <field name="number_next">1</field>
            <field name="number_increment">1</field>
            <field name="implementation">no_gap</field>
        </record>

        <record id="seq_for_payment_btf" model="ir.sequence">
            <field name="name">account.payment.btf_no</field>
            <field name="code">account.payment.btf_no</field>
            <field name="prefix">BTF-</field>
            <field name="padding">4</field>
            <field name="number_next">1</field>
            <field name="number_increment">1</field>
            <field name="implementation">no_gap</field>
        </record>

        <record id="seq_stock_invoice" model="ir.sequence">
            <field name="name">Stock Order Invoice</field>
            <field name="code">stock.invoice</field>
            <field name="prefix"></field>
            <field name="padding">4</field>
            <field name="number_next">1</field>
            <field name="number_increment">1</field>
            <field name="implementation">no_gap</field>
        </record>

        <record id="next_preventive_maintenance_scheduler_action" model="ir.cron">
            <field name="name">Next Preventive Maintenance Remainder</field>
            <field name="model_id" ref="model_kg_preventive_maintenance"/>
            <field name="interval_number">1</field>
            <field name="interval_type">days</field>
            <field name="numbercall">-1</field>
            <field name="priority">5</field>
            <field name="doall" eval="False"/>
            <field name="state">code</field>
            <field name="code">model.preventive_maintenance_notification()</field>
        </record>
    </data>
</odoo>