<?xml version="1.0" encoding="UTF-8"?>
<odoo>

    <data noupdate="1">

        <record id="data_undisputed_account_new" model="account.account">
            <field name="name">Undeposited Funds</field>
            <field name="code">1015041</field>
            <field name="user_type_id" ref="account.data_account_type_receivable"/>
            <field name="reconcile" eval="True"/>


        </record>

        <record id="check_journal_customer" model="account.journal">
            <field name="name">Check</field>
            <field name="type">bank</field>
            <field name="code">CHQ1</field>

            <field name="payment_debit_account_id" ref="kg_tower.data_undisputed_account_new"/>
            <field name="payment_credit_account_id" ref="kg_tower.data_undisputed_account_new"/>

        </record>


    </data>
</odoo>