<?xml version="1.0" encoding="utf-8"?>
<odoo>
    <data noupdate="1">
        <record id="email_template_nswo" model="mail.template">
            <field name="name">NSWO - Send by Email</field>
            <field name="model_id" ref="model_work_order"/>
            <field name="subject">${object.name or 'n/a' }</field>
<!--            <field name="email_from"></field>-->
            <field name="partner_to">${object.partner_id.id}</field>
            <field name="report_template" ref="kg_tower.action_nswo_report"/>
            <field name="body_html" type="html">
                <div style="margin: 0px; padding: 0px;">
                    <p style="margin: 0px; padding: 0px; font-size: 13px;">
                        Hello,
                        <br/><br/>
                        The NSWO submission is created.
                        <br/><br/>
                        Please find the attachment.
						<br/>
						Thank you
                    </p>
                </div>
            </field>
            <field name="auto_delete" eval="False"/>
        </record>

        <record id="email_template_srr" model="mail.template">
            <field name="name">SRR - Send by Email</field>
            <field name="model_id" ref="model_ring_request"/>
            <field name="subject">${object.name or 'n/a' }</field>
            <field name="email_from"></field>
            <field name="partner_to">${object.partner_id.id}</field>
            <field name="report_template" ref="kg_tower.action_srr_report"/>
            <field name="body_html" type="html">
                <div style="margin: 0px; padding: 0px;">
                    <p style="margin: 0px; padding: 0px; font-size: 13px;">
                        Hello,
                        <br/><br/>
                        The SRR submission is created.
                        <br/><br/>
                        Please find the attachment.
						<br/>
						Thank you
                    </p>
                </div>
            </field>
            <field name="auto_delete" eval="False"/>
        </record>


        <record id="email_template_tswo" model="mail.template">
            <field name="name">TSWO - Send by Email</field>
            <field name="model_id" ref="model_kg_tswo"/>
            <field name="subject">${object.name or 'n/a' }</field>
            <field name="email_from"></field>
            <field name="partner_to">${object.partner_id.id}</field>
            <field name="report_template" ref="kg_tower.action_tswo_report"/>
            <field name="body_html" type="html">
                <div style="margin: 0px; padding: 0px;">
                    <p style="margin: 0px; padding: 0px; font-size: 13px;">
                        Hello,
                        <br/><br/>
                        The TSWO IS CONFIRMED.
                        <br/><br/>
                        Please find the attachment.
						<br/>
						Thank you
                    </p>
                </div>
            </field>
            <field name="auto_delete" eval="False"/>
        </record>


    </data>
</odoo>
