<?xml version="1.0" encoding="utf-8"?>
<odoo>
    <data>
        <record id="action_milestone_invoice_create" model="ir.actions.server">
            <field name="name">Create Invoice</field>
            <field name="model_id" ref="model_project_milestone"/>
            <field name="binding_model_id" ref="kg_tower.model_project_milestone"/>
            <field name="binding_view_types">list</field>
            <field name="state">code</field>
            <field name="code">
                action = records.action_create_invoice()
            </field>
        </record>

        <!-- Added New common decimal precision  -->
        <record id="inherit_decimal_accuracy" model="decimal.precision">
            <field name="name">OTC Decimal</field>
            <field name="digits">3</field>
        </record>

    </data>
</odoo>