<?xml version="1.0" encoding="UTF-8"?>
<odoo>

    <data noupdate="1">

        <record id="greenfield_struct" model="structure.type">
            <field name="name">Greenfield</field>
            <field name="validity">20</field>
                        <field name="sequence">10</field>

        </record>

        <record id="rooftop_struct" model="structure.type">
            <field name="name">Rooftop</field>
            <field name="validity">10</field>
                        <field name="sequence">20</field>

        </record>

        <record id="collocation_struct" model="structure.type">
            <field name="name">Collocation</field>
            <field name="validity">20</field>
                        <field name="sequence">30</field>

        </record>
<!--        ****sha************-->
        <record id="colocation_oo" model="structure.type">
            <field name="name">Co-Location OO</field>
            <field name="validity">21</field>
                        <field name="sequence">31</field>

        </record>
        <record id="collocation_otp" model="structure.type">
            <field name="name">Co-Location OTP</field>
            <field name="validity">22</field>
                        <field name="sequence">32</field>

        </record>
    </data>
</odoo>