<?xml version="1.0" encoding="utf-8"?>
<odoo>
    <data noupdate="1">
        <record id="task_stage_draft" model="project.task.type">
            <field name="name">Draft</field>
            <field name="fold">False</field>
            <field name="is_closed">False</field>
            <field name="sequence">1</field>
             <field name="case_default" eval="True" />
        </record>
       <record id="task_stage_progress" model="project.task.type">
            <field name="name">In Progress</field>
            <field name="fold">False</field>
            <field name="is_closed">False</field>
            <field name="sequence">2</field>
            <field name="case_default" eval="True" />
        </record>
       <record id="task_stage_confirmed" model="project.task.type">
            <field name="name">Confirmed</field>
            <field name="fold">False</field>
            <field name="is_closed">True</field>
            <field name="sequence">3</field>
            <field name="case_default" eval="True" />
        </record>
    </data>
</odoo>