id,name,model_id:id,group_id:id,perm_read,perm_write,perm_create,perm_unlink
access_crm_estimation,crm_estimation,model_crm_estimation,base.group_user,1,1,1,1
access_work_categories,work_categories,model_work_categories,base.group_user,1,1,1,1
access_estimation_category_line,estimation_category_line,model_estimation_category_line,base.group_user,1,1,1,1
access_estimation_category_line_template,estimation_category_line_template,model_estimation_category_line_template,base.group_user,1,1,1,1
access_estimation_summary_line,estimation_summary_line,model_estimation_summary_line,base.group_user,1,1,1,1
access_crm_estimation_category_line,crm_estimation_category_line,model_crm_estimation_category_line,base.group_user,1,1,1,1
access_crm_estimation_category_line_template,crm_estimation_category_line_template,model_crm_estimation_category_line_template,base.group_user,1,1,1,1
access_estimation_template,estimation_template,model_estimation_template,base.group_user,1,1,1,1
access_estimation_template_wizard,_estimation_template_wizard,model_estimation_template_wizard,base.group_user,1,1,1,1
access_estimation_po_creation,estimation_po_creation,model_estimation_po_creation,project.group_project_manager,1,1,1,1
access_crm_quotation_create,_crm_quotation_create,model_crm_quotation_create,base.group_user,1,1,1,1
access_earlier_revision_summary,earlier_revision_summary,model_earlier_revision_summary,base.group_user,1,1,1,1
access_amount_set_line,amount_set_line,model_amount_set_line,base.group_user,1,1,1,1
access_sale_milestone,sale_milestone,model_sale_milestone,base.group_user,1,1,1,1
access_purchase_milestone,purchase_milestone,model_purchase_milestone,base.group_user,1,1,1,1
access_group_tag,group_tag,model_group_tag,base.group_user,1,1,1,1
access_project_update_template_pinacle,project_update_template_pinacle,model_project_update_template,,1,1,1,1
access_project_update_wizard,project_update_wizard,model_project_update_wizard,,1,1,1,1
access_mobilization_expense_line,mobilization_expense_line,model_mobilization_expense_line,,1,1,1,1
access_sales_return_form,sales.return.form,model_sales_return_form,base.group_user,1,1,1,1
access_sales_return_form_line,sales.return.form.line,model_sales_return_form_line,base.group_user,1,1,1,1
access_sales_return_reason_form,sales.return.reason.form,model_sales_return_reason_code,base.group_user,1,1,1,1
access_kg_purchase_checklist,kg_purchase_checklist,model_kg_purchase_checklist,base.group_user,1,1,1,1
access_invoice_project,invoice_project,model_invoice_project,base.group_user,1,1,1,1
access_invoice_project_line,invoice_project_line,model_invoice_project_line,base.group_user,1,1,1,1
access_invoice_project_all,invoice_project_all,model_invoice_project,,1,1,1,1
access_estimation_import,estimation_import,model_estimation_import,,1,1,1,1
