<?xml version="1.0" encoding="utf-8"?>
<odoo>
<data noupdate="1">

        <record model="ir.module.category" id="module_team">
            <field name="name">Teams</field>
            <field name="sequence">101</field>
        </record>

      <record id="group_design_teams" model="res.groups">
        <field name="name">Design Team</field>
        <field name="implied_ids" eval="[(4, ref('base.group_user'))]"/>
        <field name="category_id" ref="kg_crm.module_team"/>
      </record>

    <record id="group_project_teams" model="res.groups">
        <field name="name">Project Team</field>
        <field name="implied_ids" eval="[(4, ref('base.group_user'))]"/>
        <field name="category_id" ref="kg_crm.module_team"/>
    </record>

</data>
    <data noupdate="1">
         <record model="ir.module.category" id="crm_estimation">
            <field name="name">Estimation</field>
            <field name="sequence">110</field>
        </record>

        <record id="group_estmation_user" model="res.groups">
            <field name="name">User</field>
            <field name="category_id" ref="crm_estimation"/>
            <field name="implied_ids" eval="[(4, ref('base.group_user'))]"/>
        </record>

        <record id="group_estmation_admin" model="res.groups">
            <field name="name">Administrator/Manager</field>
            <field name="category_id" ref="crm_estimation"/>
            <field name="implied_ids" eval="[(4, ref('kg_crm.group_estmation_user'))]"/>
        </record>
    </data>
</odoo>
